item_name,true_label,pred_label
شرائط اختبار قياس السكر كونتور نكست,Home Diagnostics,Health Treatments/Aids
المفكات من شركة ستانلي,Tools/Equipment,Tools/Equipment
زادانا بذور الحنطة السوداء عضوي حب كامل 500 جرام,Nuts/Seeds - Unprepared/Unprocessed (In Shell),Oils/Fats Edible
رينى بنكهة النعناع 48 قرص,Pharmaceutical Drugs,Health Treatments/Aids
Anesthesia Masks,Medical Devices,Medical Devices
TurkelÃƒâ€šÃ‚â„¢ Paracentesis Procedure Tray with Safety Components,Medical Devices,Medical Devices
Royal Frozen Tender Chicken Breast 1 kg,Meat/Poultry/Other Animals,Meat/Poultry/Other Animals
بينفيتال زيت السمك لتحسين صحة الفرو للقطط و الكلاب 200 ملل,Veterinary Healthcare,Pet Healthcare
لولو بذور خردل 200 جم,Seasonings/Preservatives/Extracts,Oils/Fats Edible
جاك اند جونز سراويل داخلية للرجال من اوليفر,Underwear,Underwear
Manal Canned Pineapple 565 g,Prepared/Preserved Foods,Fruits - Unprepared/Unprocessed (Shelf Stable)
Green's Gelatine 50 g,Seasonings/Preservatives/Extracts,Seasonings/Preservatives/Extracts
Gardein Ultimate Plant-Based Chick'n Tenders,Meat/Fish/Seafood Substitutes,Meat/Fish/Seafood Substitutes
"قطع الفطر والجذع من كاليفورنيا غاردن، 425 غرام - عبوة من قطعة واحدة",Fruits/Vegetables Fresh Cut,Vegetables - Unprepared/Unprocessed (Fresh)
LuLu Garam Masala Whole 100 g,Seasonings/Preservatives/Extracts,Seasonings/Preservatives/Extracts
إم تي سي برادة ستاند 2 صنبور - حار/بارد - أبيض - MTCWD-15595W,Major Domestic Appliances,Major Domestic Appliances
مشرط جراحي تكنوكت بدون يد كربون مقاس 11,Medical Devices,Medical Devices
Beurer Upper Arm Blood Pressure Monitor With Lcd Display - Bm-35,Home Diagnostics,Medical Devices
اليكدون وصلات اسلاك مقاومة للماء,General Electrical Hardware,Electrical Connection/Distribution
Cucumber Slices & Carrot Sticks,Fruits/Vegetables Fresh Cut,Vegetables - Unprepared/Unprocessed (Fresh)
LuLu Black Chick Peas 1 kg,Cereal/Grain/Pulse Products,Cereal/Grain/Pulse Products
أمريكانا كريفز برجر فيليه الدجاج بنكهة الشواء 500 جم,Meat/Poultry/Other Animals,Meat/Poultry/Other Animals
"شريط اضاءة بمستشعر حركة بطول 2 متر، 3 اوقات اغلاق وسطوع قابل للتعديل، شريط اضاءة LED يعمل بالبطارية، شريط اضاءة LED لخزانة الملابس والخزانة والسلالم وتحت الخزانة، عبوة واحدة",Electrical Lighting,Electrical Lighting
WMC TOOLS Tool Box 47 Piece Tool Set Household with Cordless Screwdriver,Tools/Equipment,Tools/Equipment
Kenya Mangoes Round Kenya 1 kg,Fruits - Unprepared/Unprocessed (Fresh),Fruits - Unprepared/Unprocessed (Fresh)
لوازم مفتاح عدة قابل للتعديل - 6 بوصة - مفتاح عدة ميكانيكي شديد التحمل مقاوم للتآكل مع ميزة التعديل السريع ومقبض مطاطي وفتحة تعليق - لإصلاح المنزل والسباكة والسيارات والمشاريع التي تصنعها بنفسك,Tools/Equipment,Tools/Equipment
"Sharpdo Electronic Price Computing Scales , 40kg , Black",Computers/Video Games,Computers/Video Games  >  Computing  >  Computing Accessories  >  Computing Accessories
Hazelnut Roasted 500 g,Fruits/Vegetables/Nuts/Seeds Prepared/Processed,Nuts/Seeds - Unprepared/Unprocessed (Perishable)
"مجموعة فرش طلاء من 6 قطع من يلانجين، فرش طلاء الشعر من النايلون للاكريليك والطلاء الزيتي والالوان المائية والقماش وفرش رسم خشبية بعصا قصيرة، فرش رسم فنية للاطفال والكبار",Arts/Crafts/Needlework Supplies,Arts/Crafts/Needlework Supplies
جالكسي مينيس ألواح شوكولاتة الحليب الناعمة 13 قطعة 162.5 جم,Confectionery/Sugar Sweetening Products,Confectionery/Sugar Sweetening Products
Purslane,Vegetables - Unprepared/Unprocessed (Fresh),Vegetables (Non Leaf) - Unprepared/Unprocessed (Fresh)
LuLu Grape Leaves 1.015 kg,Prepared/Preserved Foods,Vegetables - Unprepared/Unprocessed (Shelf Stable)
باجة بابايا مجفف 200 جرام,Fruits - Unprepared/Unprocessed (Shelf Stable),Fruits - Unprepared/Unprocessed (Shelf Stable)
أوراق جرجير صغيرة-125 غرام,Fruits/Vegetables Fresh & Fresh Cut,Vegetables (Non Leaf) - Unprepared/Unprocessed (Fresh)
Sunbulah Plain Paratha 400 g,Bread/Bakery Products,Bread/Bakery Products
Red Onions 1 kg,Vegetables (Non Leaf) - Unprepared/Unprocessed (Fresh),Vegetables - Unprepared/Unprocessed (Fresh)
"طقم بيجامة صيفية للنساء من سام جريت ورلد مكون من قطعتين مطبوع عليه حروف وقلوب وبلوزة بحمالات رفيعة وشورت، ملابس نوم بدون اكمام",Sleepwear,Sleepwear
Fresh Peanuts In Shell 250g,Nuts/Seeds - Unprepared/Unprocessed (In Shell),Nuts/Seeds - Unprepared/Unprocessed (In Shell)
فطر بني شرائح 200 جرام,Fruits/Vegetables Fresh & Fresh Cut,Cereal/Grain/Pulse Products
رمان مجمد-400 غرام,Fruits - Unprepared/Unprocessed (Frozen),Vegetables - Unprepared/Unprocessed (Frozen)
KDD Chocolate Flavoured Milk 180 ml,Beverages,Beverages
Fooey Stop Chewing Natural Ultra-Bitter Spray - 118 ml,Veterinary Healthcare,Veterinary Healthcare
كريم لعلاج الفطريات 6×1 للقطط والكلاب 20 جرام,Veterinary Healthcare,Veterinary Healthcare
"بارينا مصابيح نمو T5، طيف كامل، 2 قدم 80 واط (8 × 10 واط، ما يعادل 500 واط)، شريط اضاءة LED لنمو الدفيئة الزراعية، رف زراعة النباتات، التوصيل والتشغيل، سهل التركيب، اصفر، 8 قطع، ألومنيوم بولي كربونات",Electrical Lighting,Electrical Lighting
" بلايز رياضية بدون اكمام للرجال، سترة تدريب، صالة الالعاب الرياضية، الجري، اليوغا، كروس فيت، رفع الاثقال",Activewear,Activewear
"Origami Paper 300 sheets Japanese Designs 4"" (10 cm): Tuttle Origami Paper: High-Quality Double-Sided Origami Sheets Printed with 12 Different ... Origami Paper: Double-Sided Origami Sheets",Arts/Crafts/Needlework Supplies,Arts/Crafts/Needlework Supplies
"عصارة فيفا كوليكشن المدمجة بتقنية التنظيف السريع، 1.5 لتر، 500 واط - أسود - HR1832/01 من فيليبس",Small Domestic Appliances,Major Domestic Appliances
Apple Red Italy 1 kg,Fruits - Unprepared/Unprocessed (Fresh),Fruits - Unprepared/Unprocessed (Fresh)
MooNSIC French Horn Hand Guard with Strap Genuine Leather (Black),Musical Instruments/Accessories,Musical Instruments/Accessories
Americana Beef Burger Arabic Spices 24 pcs 1.344 kg,Meat/Poultry/Other Animals,Meat/Poultry/Other Animals
"شريط عزل كهربائي من اكس سبرينج، 10 قطع بطول 20 متر، شريط كهربائي عازل مقاوم للهب ومقاوم للماء بي سي في، شريط كهربائي متعدد الاغراض مقاوم للعوامل الجوية للاستخدام الداخلي والخارجي، أسود",General Electrical Hardware,Electrical Cabling/Wiring
ماركة غير محددة بذور الكرفس 500 جرام,Nuts/Seeds - Unprepared/Unprocessed (In Shell),Oils/Fats Edible
Al Bayt Fine Sugar 10 kg,Confectionery/Sugar Sweetening Products,Cereal/Grain/Pulse Products
"قفازات تمرين لرفع الاثقال وتدريبات الصالة الرياضية مع جزء لدعم المعصم للرجال والنساء من اينيي، حماية كاملة لكف اليد للتدريب ورفع الاثقال والتمارين الرياضية وتمارين العقلة",Activewear,Protective Wear
Limitless Naturals Chromax 30 Kiss Chromax sachets,Health Enhancement,Health Treatments/Aids
Broccoli 500 g,Vegetables (Non Leaf) - Unprepared/Unprocessed (Fresh),Vegetables - Unprepared/Unprocessed (Fresh)
حمالة صدر رياضية للنساء سبوت كومفورت بدعم كامل من شامبيون نايلون خالٍ الأسلاك,Activewear,Underwear
بدلة سباحة نسائية من قطعة واحدة بسحاب واكمام قصيرة مع شورت رياضية وتنورة نايلون,Swimwear,Swimwear
"Banana Condoms,12 Condoms",Family Planning,Condoms
Electric Gas Lighting: How to Install Electric Gas Ignition Apparatus,Electrical Lighting,Electrical Lighting
جالكسي بيست أوف مينيز كيس شوكولاتة 25 حبة 500 جم,Confectionery/Sugar Sweetening Products,Confectionery/Sugar Sweetening Products
لولو بذور الشمر 200 جم,Seasonings/Preservatives/Extracts,Oils/Fats Edible
Boy Shorts Underwear for Women High Waisted Cotton Panties Stretch Briefs 4 PackÃ‚â€¦,Underwear,Underwear
LED Camping Light with Tripod Stand Work Light Fishing Rod Lamp Outdoor Tent Lamp Camping Lantern Portable Floor Light Pole Light 1680 Lumen USB Adjustable Height For Travel BBQ Emergency Car Repair,Camping,Camping
Kellogg's Corn Flakes 720 g,Cereal/Grain/Pulse Products,Cereal/Grain/Pulse Products
Durex Invisible Extra Thin Lubricated Condoms,Family Planning,Personal Care
Men's Super Soft Icon V-Neck T-Shirt,Clothing,Clothing
"طقم بيجامات للنساء والرجال، ملابس نوم دافئة من الصوف باكمام طويلة، بيجامات شتوية للازواج",Sleepwear,Sleepwear
"عصارة صني بيا، عصارة طرد مركزي 800 واط مع فتحة واسعة 7 سم للفاكهة والخضروات، سهلة التنظيف، ستانلس ستيل",Small Domestic Appliances,Small Domestic Appliances
Americana Alsayyad Frozen Original Breaded Shrimps 750 g,Fish and Seafood,Fish and Seafood
فيريرو مجموعة 269 جم,Confectionery/Sugar Sweetening Products,Confectionery/Sugar Sweetening Products
بخاخ معقم ايزو بي ايه متعدد الاستخدامات مضاد للبكتيريا والإسعافات الأولية من ستيريلا سيف,Health Treatments/Aids,Health Treatments/Aids
"CableCreation 3.5mm Female to 2RCA Male Stereo Audio Cable, RCA to 3.5mm Female Y Splitter Gold Plated for TV, Smartphones, MP3, Tablets, Speakers, Home Theater, 0.75FT",Electrical Connection/Distribution,Electrical Cabling/Wiring
قميص نوم نسائي طويل الأكمام من Ekouaer بأكمام طويلة ملابس نوم كاملة الطول هينلي للنوم مع جيوب S-3XL,Sleepwear,Sleepwear
Lay's Salted Chips 12 x 21 g,Prepared/Preserved Foods,Bread/Bakery Products
MUGO LAND Brazilian Almond - 500g,Nuts/Seeds - Unprepared/Unprocessed (In Shell),Nuts/Seeds - Unprepared/Unprocessed (Perishable)
Italian Baroque Lettuce Salad Washed and Ready to Eat 175g,Fruits/Vegetables Fresh Cut,Vegetables - Unprepared/Unprocessed (Fresh)
Doux Chicken Franks 400 g,Meat/Poultry/Other Animals,Meat/Poultry/Other Animals
لولو تمور خضري 1 كجم,Fruits/Vegetables/Nuts/Seeds Prepared/Processed,Fruits - Unprepared/Unprocessed (Shelf Stable)
Durex Invisible Extra Thin Lubricated Condoms For Men - 12 Pieces,Family Planning,Personal Care
طقم بنط بوش 33 قطعة,Tools/Equipment,Tools/Equipment
Sadia Frozen Minced Molokhia 400 g,Vegetables - Unprepared/Unprocessed (Frozen),Vegetables - Unprepared/Unprocessed (Frozen)
"فاكهة لونجان، تايلاند، صحن 500 جرام",Fruits/Vegetables Fresh & Fresh Cut,Fruits - Unprepared/Unprocessed (Fresh)
White Milk Roll Bread-Each,Bread/Bakery Products,Bread/Bakery Products
Al Jouf Organic Extra Virgin Olive Oil 250 ml,Oils/Fats Edible,Oils/Fats Edible
"UGREEN 6-in-1 Power Strip Surge Protector Extension Plug Multiple 3 AC Outlet Sockets, Type C Fast Charger 3 USB Ports,Triple UK Plug Extender USB Charging Station for Kitchen, Home Office Accessories",General Electrical Hardware,Electrical Connection/Distribution
عنب ابيض علبة 400 جرام,Fruits/Vegetables Fresh & Fresh Cut,Fruits - Unprepared/Unprocessed (Fresh)
BMB TOOLS Car Jumper Booster Cables 1000AMP,Tools/Equipment,Electrical Tools
LuLu Corn Oil 2 x 1.5 Litres,Oils/Fats Edible,Oils/Fats Edible
Rossmax Finger Pulse Oximeter SB100,Home Diagnostics,Medical Devices
Strawberry 450 g,Fruits - Unprepared/Unprocessed (Fresh),Fruits - Unprepared/Unprocessed (Fresh)
السنبلة فطير مشلتت سادة 400جم,Bread/Bakery Products,Bread/Bakery Products
لولو أرز بسمتي كلاسيكي اكس اكس اكس ال 5 كجم,Cereal/Grain/Pulse Products,Cereal/Grain/Pulse Products
Almarai Natural Honey 950 g,Prepared/Preserved Foods,Cereal/Grain/Pulse Products
"مكنسة كهربائية من هيتاشي، 1300 واط، 7.5 لتر، احمر - CV-100G SS220 WR",Small Domestic Appliances,Major Domestic Appliances
"مجموعة اسلاك توسيع من 840 قطعة تستخدم على نطاق واسع، مجموعة اسلاك توصيل ملونة مقاومة للتاكل للكاميرات الرقمية لاجهزة الكمبيوتر والاتصالات الالكترونية لـ MP3",Electronic Communication Components,Electrical Cabling/Wiring
برجر الدجاج النباتي المجمد من Quorn - 1x2kg,Meat/Fish/Seafood Substitutes,Meat/Fish/Seafood Substitutes
"جهاز احترافي لاختبار الالماس، عالي الدقة للمبتدئين والمتخصصين - دايموند سيليكتور II - يتضمن بطارية 9 فولت",General Electrical Hardware,Electrical Connection/Distribution
Kidle Rechargeable Roller Skate Shoes With LED Light And Accessories,Computers/Video Games,Toys
ماركة غير محددة كابل USB 3 في 1 مناسب للهواتف المحمولة أزرق,Computers/Video Games,Electronics  ## Instruction:
Nolvadex 10 mg Tablet 30pcs,Pharmaceutical Drugs,Pharmaceutical Drugs
"Great Oral Health OraRestore Bad Breath Treatment for Adults Halitosis: Dentist Formulated Rinse Concentrate Tooth Oil Liquid Toothpaste, Fresh Breath Mouthwash for Dry Mouth, Care, Gums & Teeth 15ml",Health Treatments/Aids,Health Treatments/Aids
نظام ميكروفون لاسلكي BLX24/B58 من شور مع مستقبل BLX4 وجهاز ارسال محمول BLX2 باليد كبسولة BETA 58A مُحسَّنة للتطبيقات الصوتية. أحادي الاتجاه أسود,Musical Instruments/Accessories,Musical Instruments/Accessories
Afia Semolina Hard 1.5 kg,Cereal/Grain/Pulse Products,Cereal/Grain/Pulse Products
"Lenovo IdeaCentre AIO With 27-Inch Display, Core i7 13620H Processor/32GB RAM/1TB SSD/Intel UHD Graphics/Windows 11 Pro English/Arabic Cloud Grey",Computers/Video Games,Computers/Video Games-Computers
Lulu Sunflower Oil 2.7 Litre,Oils/Fats Edible,Oils/Fats Edible
ديوركس جيل مزلق حميمي 50 مل,Family Planning,Personal Care
AMEERR Winding Machine Automatic for Nylon Cable Tie Electric Tie Coiler Bundle Wire Small Winding Machine LTZXJ5-30,General Electrical Hardware,Electrical Cabling/Wiring
500 قطعة من الصمام الثنائي الباعث للضوء 5 ملم مجموعة متنوعة مصابيح LED ملونة بمؤشر المكونات الالكترونية يوجوف,Electronic Communication Components,Electrical Lighting
"اليغو مجموعة الكترونيات ممتعة مطورة مع وحدة امداد الطاقة، سلك جمبر، مقياس جهد دقيق، لوحة توصيل 830 نقطة ربط لاردوينو، راسبيري باي، STM32",Electronic Communication Components,Electrical Connection/Distribution
Men Two in One Swim Shorts Short (pack of 1),Swimwear,Swimwear
المراعي شراب تفاح 18 × 140 مل,Beverages,Beverages
Durex Mutual Pleasure Condoms,Family Planning,Family Planning
"جهاز جي اف سي اي لاختبار جهد خرج المقبس الكهربائي من هابو تيست مع عرض الجهد الكهربي 90-250 فولت، إختبار أوتوماتيك للدارات الكهربائية وكشف القطبية والتسرب HT107E",General Electrical Hardware,Electrical Connection/Distribution
"ديناش مجموعة مكونات الكترونية، مجموعة متنوعة من مكونات الالكترونيات، مكثف مكثف وحدة ديود قابلة للتحكم في سطوع LED لـ R3",Electronic Communication Components,Electrical Connection/Distribution
"سولين أمادا نكست بسكويت ويفر مغطى الشوكولاتة, 117 جم",Confectionery/Sugar Sweetening Products,Bread/Bakery Products
لولو سونا ماسوري أرز مسلوق بالبخار 5 كجم,Cereal/Grain/Pulse Products,Cereal/Grain/Pulse Products
فوديز خضروات مجمدة مشكلة 400جرام,Vegetables - Unprepared/Unprocessed (Frozen),Vegetables - Unprepared/Unprocessed (Frozen)
بامية صغيرة مقطعة وجاهزة للاستخدام,Fruits/Vegetables Fresh Cut,Vegetables - Unprepared/Unprocessed (Fresh)
"Origami Paper 500 sheets Marbled Patterns 6"" (15 c: Tuttle Origami Paper: Double-Sided Origami Sheets",Arts/Crafts/Needlework Supplies,Arts/Crafts/Needlework Supplies
Olio Sasso Olive Oil 175 ml,Oils/Fats Edible,Oils/Fats Edible
Runhit Compression Shirt Men Short Sleeve Athletic Shirts Workout Cool Dry Baselayer T-Shirt,Activewear,Activewear
جمارة تمر صقعي عضوي 250 غ,Fruits/Vegetables/Nuts/Seeds Prepared/Processed,Fruits - Unprepared/Unprocessed (Fresh)
Al Kabeer Beef Seekh Kebabs 320 g,Meat/Poultry/Other Animals,Meat/Poultry/Other Animals
Daytona Helmets 3/4 Shell Open Face Motorcycle Helmet [Graphics],Protective Wear,Protective Wear
"Arabest Rotary Tool Kit, 161PCS 30W Corded Rotary Power Tool Kit Set Mini 3 Speeds Adjust Grinding Machine Lightweight Nail Drill USB Engraving Pen Ideal for DIY, Woodwork & Hobby Craft (Black)",Arts/Crafts/Needlework Supplies,Arts/Crafts/Needlework Supplies
أوراق خس صغيرة مشكلة-100 غرام,Fruits/Vegetables Fresh & Fresh Cut,Vegetables (Non Leaf) - Unprepared/Unprocessed (Fresh)
Generic Wireless Keyboard And Mouse Set Multicolour,Computers/Video Games,Computers/Video Games-Computers
Gardein Chick'n Tenders Plant-Based Ultimate - No Dairy Ingredients - Always Vegan - 15g Protein Per Serving - 4 Boxes (15.oz Each) - Ready Set Gourmet Donate a Meal Program,Meat/Fish/Seafood Substitutes,Meat/Fish/Seafood Substitutes
Davidoff Espresso Dark Roast Coffee 100 g,Beverages,Beverages
Lettuce Baby Mix 125g,Fruits/Vegetables Fresh Cut,Cereal/Grain/Pulse Products
صن وايت أرز كالروز 1 كجم,Cereal/Grain/Pulse Products,Cereal/Grain/Pulse Products
"WeaBu E-Bike Motor Extension Cable, E-Bike Motor Female to Male Extension Cable 9 Pin Waterproof Wheel Motor Extension Cord",Electrical Cabling/Wiring,Electrical Cabling/Wiring
رجلة,Fruits/Vegetables Fresh & Fresh Cut,Vegetables (Non Leaf) - Unprepared/Unprocessed (Fresh)
"48V Cordless Drill Set, Electric Drill with 2 Batteries and Charger",Tools/Equipment,Electrical Tools
Al Kabeer Breaded Shrimps 250 g,Fish and Seafood,Fish and Seafood
Oakleaf Lettuce,Vegetables - Unprepared/Unprocessed (Fresh),Vegetables (Non Leaf) - Unprepared/Unprocessed (Fresh)
ماما سيتا مزيج توابل التمر الهندي حار 50 جم,Seasonings/Preservatives/Extracts,Seasonings/Preservatives/Extracts
العطار جريب فروت شرائح مجفف 200 جرام,Fruits - Unprepared/Unprocessed (Shelf Stable),Fruits/Vegetables Fresh Cut
Britannia 50-50 Maska Chaska Biscuit 71 g,Bread/Bakery Products,Bread/Bakery Products
Sadia Frozen Chicken Livers 450 g,Meat/Poultry/Other Animals,Meat/Poultry/Other Animals
مجموعة ملابس رياضية للرجال مكونة من 3 قطع من الملابس الضاغطة للجري بطبقات أساسية وشورت ضيق للتمارين الرياضية,Activewear,Activewear
Shinestone Protective Padded Shorts Detachable Pants-Black,Protective Wear,Protective Wear
Goody Chunky Peanut Butter 510 g,Prepared/Preserved Foods,Oils/Fats Edible
ماركة غير محددة غطاء حماية صلب لجهاز أبل ماك بوك برو مقاس 13 بوصة طراز (A1706/A1708) أسود/ أصفر,Computers/Video Games,Electronics
"2 Pin Aviation Connector Outlet Waterproof, Adapter for Ws16 Power Socket, Cylindrical Connectors",Electrical Connection/Distribution,Electrical Connection/Distribution  #
ORiTi 5 Pack Pocket Squares for Men Men's Handkerchief Mens Pocket Squares Set Hankies for Wedding Party Assorted Colors 23 x 23 cm,Clothing,Clothing
Mixed fresh Vegetable Slices Tray,Fruits/Vegetables Fresh Cut,Vegetables - Unprepared/Unprocessed (Fresh)
سمك كابوريا- كغم 3.0,Fish and Seafood,Fish and Seafood
LuLu Pure Sunflower Oil 5 Litres,Oils/Fats Edible,Oils/Fats Edible
طقم ملابس نوم مكون من تي شيرت وشورت بنمط مطبوع عليه رسومات للرجال من ستايلي,Sleepwear,Sleepwear
جاك ان جيل رولر كوستر حلقات البطاطس 85 جم,Prepared/Preserved Foods,Vegetables - Unprepared/Unprocessed (Shelf Stable)
كبسولات L ثيانين 200 ملجم من نوتريجا | تعزز الاسترخاء الطبيعي واستعادة التوتر وتخفيف | تقلل القلق وتدعم صحة الدماغ (60 كبسولة),Health Enhancement,Health Treatments/Aids
Watercress,Vegetables - Unprepared/Unprocessed (Fresh),Vegetables - Unprepared/Unprocessed (Fresh)
Alpro Roasted Almond Milk Drink 1 Litre,Milk/Butter/Cream/Yogurts/Cheese/Eggs/Substitutes,Beverages
حبيبات الرمان جاهز للأكل-350 غرام,Fruits/Vegetables Fresh Cut,Fruits/Vegetables/Nuts/Seeds Prepared/Processed
"Clarinase Repetabs, 5 mg/120 mg, for allergy & common cold",Health Treatments/Aids,Health Treatments/Aids
غلاية كهربائية 1.7 لتر من فيليبس - زجاج - تردد 50/60 هرتز - HD9339/81,Small Domestic Appliances,Major Domestic Appliances
بارني كيكة بالشوكولاتة 12 × 30 جم,Bread/Bakery Products,Bread/Bakery Products
"Origami Paper 200 sheets Washi Patterns 6"" (15 cm): Tuttle Origami Paper: Double Sided Origami Sheets",Arts/Crafts/Needlework Supplies,Arts/Crafts/Needlework Supplies
جهاز قياس الحرارة بالأشعة تحت الحمراء للأطفال,Home Diagnostics,Healthcare - Medical Devices
"سيبرجر شيبس دي كوكو، رقائق جوز الهند المجففة 110جرام",Fruits - Unprepared/Unprocessed (Shelf Stable),Oils/Fats Edible
"SINOPHANT سروال ضيق عالي الخصر للنساء، زبدتي مرن ناعم غير شفافة للتحكم في البطن، مقاس كبير للتمارين الرياضية اليوغا سراويل مطاطية",Activewear,Underwear
لوز احمر خشن بوزن 1000 جرام من موجو لاند,Nuts/Seeds - Unprepared/Unprocessed (Perishable),Nuts/Seeds - Unprepared/Unprocessed (Perishable)
زيت جوز الهند البكر العضوي من باراشوت 200 مل,Oils/Fats Edible,Oils/Fats Edible
Peanut Butter & Co. Dark Chocolate Dreams Peanut Butter 454 g,Prepared/Preserved Foods,Oils/Fats Edible
Regal Thai Jasmine Rice 5 kg,Cereal/Grain/Pulse Products,Cereal/Grain/Pulse Products
"Azonee 40 Compostable Toilet Bags for Camping - 8 Gallon, 30 Liter Capacity. Eco-Friendly Replacement Bags for Portable Toilets, Perfect for Outdoors, Boating, Car Travel, and Extended Journeys",Camping,Camping
زيت زيتون الجوف العضوي 500 مل,Oils/Fats Edible,Oils/Fats Edible
Standard Lighting With Incandescent Electric Lamps,Electrical Lighting,Electrical Lighting
"كاندي غسالة سمارت برو 9 كجم 1400 دورة في الدقيقة ابيض - واي فاي + بلوتوث - بخار - فئة A+++ - شاشة عرض 5 ارقام CSO 1495T3/1-19، تعبئة أمامية",Major Domestic Appliances,Major Domestic Appliances
Hisense 322 Ltr Refrigerator Total No Froast Less Noise Multi Air Flow Metal Cooling Inverter Compressor RT41W2NKI,Major Domestic Appliances,Major Domestic Appliances
Batook Strawberry Chewing Gum 20 x 12.5 g,Confectionery/Sugar Sweetening Products,Confectionery/Sugar Sweetening Products
عنب أسود- غرام 500,Fruits - Unprepared/Unprocessed (Fresh),Fruits - Unprepared/Unprocessed (Fresh)
Kinder Cards Chocolate Biscuits 256 g,Bread/Bakery Products,Confectionery/Sugar Sweetening Products
لحم تونا خفيف من ريو ماري بزيت الزيتون 6 × 80 جم,Fish and Seafood,Seafood
Eastern Turmeric Powder Bottle 180 g,Seasonings/Preservatives/Extracts,Seasonings/Preservatives/Extracts
باراشوت زيت جوز الهند بكر ممتاز ٢٠٠ مل,Oils/Fats Edible,Oils/Fats Edible
Cheetos Crunchy Flamin' Hot 12 x 25 g,Prepared/Preserved Foods,Confectionery/Sugar Sweetening Products
Oishi Kirei Yummy Flakes Shrimp Flavor 45 g,Prepared/Preserved Foods,Seafood  - Prepared/Processed
Lay's Chili Potato Chips 21 g,Prepared/Preserved Foods,Prepared/Preserved Foods
هنس طقم بيجامة منسوج سادة للرجال,Sleepwear,Sleepwear
"220V AC Contactor，50/60Hz 3 Poles Coil AC Contactor，80A Electric AC Contactor，for Power, Distribution and Power Applications",Electrical Connection/Distribution,Electrical Connection/Distribution
Standard Defibrillation Electrodes,Medical Devices,Electrical Medical Devices
Electrical Wiring and Lighting for Homes and Office,Electrical Lighting,Electrical Cabling/Wiring
Seara Chicken Popcorn 350 g,Meat/Poultry/Other Animals,Meat/Poultry/Other Animals
زبادي المراعي كامل الدسم - 170 جرام,Milk/Butter/Cream/Yogurts/Cheese/Eggs/Substitutes,Milk/Butter/Cream/Yogurts/Cheese/Eggs/Substitutes
Chocolate Ice Cream,Prepared/Preserved Foods,Beverages
Browns Mango Flavored Calcium Cuttlebone Bird Food - 35.4 g,Veterinary Healthcare,Veterinary Healthcare
كورج الة صوت جهوري انالوج من فولكاباس,Musical Instruments/Accessories,Musical Instruments/Accessories
MytoptrendzÂ® Vintage Style Classic Look Elegant Flower Lace Suspender 4 Strap Belts Comes In 3 Colour and Size,Underwear,Underwear
"MYPIN 16FTLink Cable Compatible for Meta/Oculus Quest 2/Pro Accessories, USB 3.0 to USB C Cable for VR Headset and Gaming PC, High Speed Data Transfer and Fast Charge",Electrical Cabling/Wiring,Electrical Cabling/Wiring
Avocado Hass Kenya 500g,Fruits - Unprepared/Unprocessed (Fresh),Vegetables - Unprepared/Unprocessed (Fresh)
"Portable Fetal Heart Rate Detection Device, Easy to use Home Fetal Doppler, Ultrasonic Diagnostic Technology with LCD Display for Baby(Pink)",Medical Devices,Home Diagnostics
"كبسولات فيرتل ايد للنساء: مكمل الخصوبة للسيدات 90 قرص، من فيرهافين هيلث، كارنيتين-إل",Health Enhancement,Health Treatments/Aids
Almarai Mango & Grape Juice 200 ml,Beverages,Beverages
فاصوليا خضراء 1 كجم,Vegetables (Non Leaf) - Unprepared/Unprocessed (Fresh),Cereal/Grain/Pulse Products
"علكة ماستيك من جارو فورميولاز، 1000 ملغ - 60 كبسولة نباتية - تركيبة طبيعية تدعم صحة المعدة والاثني عشر والفم - مكمل غذائي - 30 حصة، حمض أميني",Health Enhancement,Health Treatments/Aids
هام مبرد مياه تحميل سفلي - ساخن/بارد/معتدل - فولاذ - HM-DW90-M24,Major Domestic Appliances,Major Domestic Appliances
Indian Curry Leaves,Vegetables - Unprepared/Unprocessed (Fresh),Vegetables (Non Leaf) - Unprepared/Unprocessed (Fresh)
Cut Mango-650G,Fruits/Vegetables Fresh Cut,Fruits/Vegetables Fresh Cut
كف جهاز قياس ضغط الدم الاحتياطي,Home Diagnostics,Healthcare Medical Devices
الكبير لحم العجل 907 جم,Meat/Poultry/Other Animals,Meat/Poultry/Other Animals
Wixen Men's Performance Triathlon Suit Sleeveless Tri Suit Padded Quick Dry Run Swim Bike,Activewear,Swimwear
حلواني حلاوة طحينية فاخرة سادة 500 جم,Prepared/Preserved Foods,Cereal/Grain/Pulse Products
Smart Life Latex Lubricated Condoms 12 pcs,Family Planning,Family Planning
داتو بوتي خل 1 لتر,Seasonings/Preservatives/Extracts,Oils/Fats Edible
"Automatic Biopsy Needle for Pets â€“ Veterinary Biopsy Needle for Animal Tissue Sampling, Precise and Efficient Diagnostic Tool for Pet Tissue Sampling Tool-2PCS (18G 1.28mm*100mm)",Veterinary Healthcare,Veterinary Healthcare
Saudia Whole Milk 24 x 125 ml,Milk/Butter/Cream/Yogurts/Cheese/Eggs/Substitutes,Milk/Butter/Cream/Yogurts/Cheese/Eggs/Substitutes
دينيس ويك 5529 ترومبون قابل للتعديل لكوب كتم الصوت,Musical Instruments/Accessories,Musical Instruments/Accessories
Seara French Fries 9mm 2.5 kg,Prepared/Preserved Foods,Cereal/Grain/Pulse Products
لولو شاي اسود مع ماسالا 200 جم,Beverages,Beverages
RKG Pure Ghee 1 Litre,Oils/Fats Edible,Oils/Fats Edible
"Arabest 16pcs Camping Cookware Mess Kit - Non-Stick Pot and Pan Kettle Set with Stove Stainless Steel Cups Plates Forks Knives Spoons, Camping Cooking Set for Camping, Outdoor Cooking and Picnic",Camping,Cooking
"Womens Workout Tops for Women Racerback Tank Tops Mesh Yoga Shirts Athletic Running Tank Tops Sleeveless Gym Clothes, 2 Pcs",Activewear,Activewear
"LZMY Expansion Wire Kit, 840Pcs Widely Used Color Jumper Jumper Wire Kit Corrosion Resistant for Digital Cameras for Computers for Electronic Communications for MP3",Electronic Communication Components,Electrical Cabling/Wiring
CTIFREE Multifunctional scientific calculators computing tools for school office use supplies,Computers/Video Games,Computers/Video Games  >  Computing  >  Computing Accessories  >  Calculators
LuLu Light Meat Tuna Solid In Brine 3 x 185 g,Fish and Seafood,Fish and Seafood
فلفل حار 1 كجم,Vegetables (Non Leaf) - Unprepared/Unprocessed (Fresh),Vegetables - Unprepared/Unprocessed (Shelf Stable)
"Sharpdo Household Intelligent Fully Automatic Sterilizing and Drying Integrated Dishwasher, No Installation Required, Can Accommodate 32 Pieces 840W",Major Domestic Appliances,Major Domestic Appliances
"Generic Mini Pc Intel Core i5-6360U, Processor 2.0 Ghz Up To 3.1 Ghz, Windows 10 Home Mini Desktop Computer With Hdmi,Vga, Port, 8Gb Ram ddr3L/ 256Gb ssdÃƒÂ¯Ã‚Â¼Ã‚Å’Gigabit Ethernet Dual Band Wifi Bluetooth,4K Hd",Computers/Video Games,Computers/Video Games-Computers
جهاز قياس ضغط الدم الإلكتروني YKBP-14,Home Diagnostics,Medical Devices
Al Kabeer Frozen Tender Chicken Breast 1 kg,Meat/Poultry/Other Animals,Meat/Poultry/Other Animals
قميص سباحة ميركوري للرجال بعامل حماية من اشعة الشمس 50+ وواقي والطفح الجلدي باكمام قصيرة كانو سيرف البوليستر,Swimwear,Swimwear
غسالة سعة 8 لتر من ايه تي بي جيفت,Major Domestic Appliances,Major Domestic Appliances
Young Living Essentialzymes-4 - 120 ct of Essential Oils Dietary Supplement - Time-Release Enzyme Capsules - Fiber and Protein Digestion - Nutrient Absorption Support,Health Enhancement,Health Treatments/Aids
Dandelion Greens/Lion's Tooth,Vegetables - Unprepared/Unprocessed (Fresh),Vegetables (Non Leaf) - Unprepared/Unprocessed (Fresh)
"KWSLIN 2 Pack Outdoor Sealed Waterproof Junction Box, 3 Way 3 PIN T type Electrical Cable Connector, Extension Electrical Cable Protector for Diamete 8-12mm Cable Repair and Extend Power Cables",Electrical Connection/Distribution,Electrical Connection/Distribution
WWESDXCR Winter Cotton Pajamas For Men 2Pcs Lounge Sleepwear Men Blue Plaid Home Clothes Pure Cotton Pyjamas Set,Sleepwear,Sleepwear
Raspberry Clamshell 170 g,Fruits - Unprepared/Unprocessed (Fresh),Fruits/Vegetables Fresh Cut
"لوحة مفاتيح موسيقية شرقية من ياماها ، 61 مفتاح ، اسود",Musical Instruments/Accessories,Musical Instruments/Accessories
Eastern Sambar Powder 125 g,Seasonings/Preservatives/Extracts,Cereal/Grain/Pulse Products
شريط كهربائي من الفينيل للاستخدامات العامة 1500 تيمفليكس لون اسود,General Electrical Hardware,Electrical Cabling/Wiring
حبوب منع الحمل جينيرا 21 قرص,Family Planning,Family Planning
"أساسيات النبات - بروتين نباتي شهي - قطع غير بنكهة ، 1 رطل - توابل نباتية ، تمامًا مثل الدجاج ، 2 أونصة - غير معدلة وراثيًا ، خالية من الغلوتين ، نباتي",Meat/Fish/Seafood Substitutes,Seasonings/Preservatives/Extracts
Dried Apricot Soft 1 kg,Fruits/Vegetables/Nuts/Seeds Prepared/Processed,Fruits - Unprepared/Unprocessed (Shelf Stable)
KIT Tools Rotary Hammer Drill SDS 800W,Tools/Equipment,Tools/Equipment
"Patella Stabilizing Knee Brace 1 Pair, Knee Support Brace Pain Relief Knee Brace Stabilizer Protective Gear Lift Knee Pads Patella Booster Joint Knee Protector Osteoarthritis Squat Exercising",Protective Wear,Protective Wear
جاكيت مبطن بقصة عادية ومقاس كبير للنساء من ستايلي,Clothing,Clothing
Azonee 2Pcs Versatilen Percussion Instruments Drum Sticks Percussion Marimba Mallets Long Drum Mallets Wooden Handle Drummer Musical Instrument Drumstick Rubber,Musical Instruments/Accessories,Musical Instruments/Accessories
"ايكي ايك طاولة ألعاب مكتبية على شكل حرف K، طاولة كمبيوتر مكتبي مكتب الألعاب 120*60*74 سنتيمتر K شكل منضدة ألعاب المنزل مكتب الكمبيوتر مكتب مناسبة للرياضات الإلكترونيةللكمبيوتر الشخصي، طاولة كمبيوتر مكتبية منزلية، مكتب ثابت مناسب للرياضات الإلكترونية 120 × 74 × 60 سم",Computers/Video Games,Computers/Video Games  -  Gaming
"غسالة ذات تحميل علوي مع مضخة من ارو بسعة تحميل 9 كجم، لون رمادي فاتح، RO 10TLT، 7 كيلوجرام",Major Domestic Appliances,Major Domestic Appliances
"سدادات اذن 27 ديسيبل عالية الولاء للحفلات الموسيقية والمهرجانات الموسيقية، سدادات حماية السمع مع مادة السيليكون الناعمة، تقليل الضوضاء، رائعة للمناسبات الحية (اسود)",Protective Wear,Underwear
سينتري تونة بالفلفل الحار 180 جم,Fish and Seafood,Fish and Seafood
"ميزان حرارة جبهة الراس الرقمي بالاشعة تحت الحمراء للبالغين والاطفال من كيه كيه مون، يقيس بدون ملامسة البشرة، بشاشة ال سي دي مع منبه الاصابة بالحمى ووضع درجة الحرارة المزدوج واضاءة خلفية بثلاثة الوان",Home Diagnostics,Health Treatments/Aids
Banana Chips 250 g,Prepared/Preserved Foods,Fruits/Vegetables Fresh Cut
"مفتاح إضاءة حائط ذكي واي فاي من تيكوندريس، لا يتطلب سلك محايد، لا يتطلب موزع، متوافق مع اليكسا وجوجل هوم، تحكم عن بعد عبر التطبيق، وظيفة التوقيت، التحكم الصوتي (أبيض وأسود) (مجموعتان)",Electrical Connection/Distribution,Electrical Lighting
"جنرال سوبريم جنرال سوبريم,غسالة صحون, 5 برامج, 13 مكان, 2 رف,ستيل",Major Domestic Appliances,Major Domestic Appliances
عافيه زيت الذرة النقي ٢ x ١.٥ لتر,Oils/Fats Edible,Oils/Fats Edible
"Goody Fresh cutted Fruit mix, 425 Gm",Fruits/Vegetables Fresh Cut,Fruits/Vegetables Fresh Cut
شرائح جوز هند طازجة-حبة,Fruits/Vegetables Fresh & Fresh Cut,Nuts/Seeds - Unprepared/Unprocessed (Perishable)
سانديسك فلاش درايف ألترا لوب بمنفذ USB 3.0 128.0 GB,Computers/Video Games,Storage
Indomie Chicken Noodles 10 x 75 g,Prepared/Preserved Foods,Cereal/Grain/Pulse Products
Shaflout Manila Patis Fish Flavored Sauce 700 ml,Seasonings/Preservatives/Extracts,Fish and Seafood
Tiffany Chunko's Choco Chip Cookies 10 x 40 g,Bread/Bakery Products,Bread/Bakery Products
نستله نسكويك عبوة حبوب الإفطار بالشوكولاتة 330 جم,Cereal/Grain/Pulse Products,Cereal/Grain/Pulse Products
"كتلة طرفية للسكك الحديدية، كتلة طرفية قوية التوصيل الكهربائي",Electrical Connection/Distribution,Electrical Connection/Distribution
"ارو غسالة أطباق بـ 15 إعدادًا، 8 برامج، شاشة LED، هادئة 49 ديسيبل، باب يفتح تلقائيًا، قفل للأطفال، تصميم داخلي من الفولاذ المقاوم للصدأ، غسيل بمنطقتين | RO-15DWGS",Major Domestic Appliances,Major Domestic Appliances
Sterling Innovation Japanese Origami Paper Pack: More Than 250 Sheets Of Origami Paper In 16 Traditional Patterns,Arts/Crafts/Needlework Supplies,Arts/Crafts/Needlework Supplies
شنطة اسعافات اولية تكفي 20 شخص,Medical Devices,First Aid
أصابع Quorn المجمدة النباتية بدون سمك - 8 x200g,Meat/Fish/Seafood Substitutes,Meat/Fish/Seafood Substitutes
WWESDXCR Winter Cotton Pajamas For Men 2Pcs Lounge Sleepwear Men Blue Plaid Home Clothes Pure Cotton Pyjamas Set,Sleepwear,Sleepwear
غسالة صغيرة محمولة بسعة كبيرة,Small Domestic Appliances,Small Domestic Appliances
LuLu Spaghetti Pasta 4 x 400 g,Prepared/Preserved Foods,Cereal/Grain/Pulse Products
"Nail-Aid Keratin 3 Day Growth Nail Treatment & Strengthener, Clear, 0.55 Fl Oz",Health Treatments/Aids,Health Treatments/Aids
العلالي مكرونة ايطالية بونتين 450 جم,Prepared/Preserved Foods,Cereal/Grain/Pulse Products
تفاح رويال جالا صيني 1 كجم,Fruits - Unprepared/Unprocessed (Fresh),Fruits - Unprepared/Unprocessed (Fresh)
جهاز تخطيط القلب واحد قناة EDAN,Medical Devices,Medical Devices
ألبرو مشروب حليب اللوز المحمص 1 لتر,Milk/Butter/Cream/Yogurts/Cheese/Eggs/Substitutes,Beverages
"شورت داخلي عالي الخصر، ملابس داخلية بعد الولادة بخصر مرتفع، مشد خصر لرفع المؤخرة، بوكسر يشكل الجسم، ملابس داخلية عالية الخصر للنساء بعد الولادة",Underwear,Underwear
"EzzySo مبرد جهاز لوحي مغناطيسي لجهاز iPad Surface Pro متوافق مع سطح البخار، مشتت حراري مغناطيسي لأشباه الموصلات مع عرض درجة الحرارة، مبرد مشعاع لألعاب الهاتف المحمول Tiktok Live Streaming",Computers/Video Games,Computers/Video Games
زلابية كورية نباتية جيدة من سيول 420 جرام,Prepared/Preserved Foods,Cereal/Grain/Pulse Products
BMB TOOLS Manual Car Jack - 1Ton-1.5kg,Tools/Equipment,Tools/Equipment
Indomie Soto Mie Noodles 10 x 75 g,Prepared/Preserved Foods,Cereal/Grain/Pulse Products
"Womens Sports Bra, 2 Pack Set Padded Sports Bras Women Medium Impact, Push Up Seamless Breathable for Yoga Running Crop Top (L)",Activewear,Activewear
Al Kabeer Frozen Fish Fingers 300 g,Fish and Seafood,Fish and Seafood
"Voltage Tester, 2024 Professional Electrical Tester with LED Light, Non Contact Voltage Tester with Temperature Display, Battery-Operated Electric Tester Pen, AC 12V/70V-1000V, Batteries not included",General Electrical Hardware,Electrical Connection/Distribution
"موبايلي راوتر CPE 5 يدعم شبكة 5G، واي فاي 6، مزود بتقنية ثنائي النطاق مع تقنية عالية السرعة فقط لشبكة موبايلي",Computers/Video Games,Telecommunications
"مصابيح LED سوداء قابلة لاعادة الشحن ببطارية 60 واط 2400 mAh، مقاومة للماء IP66، 100 مصباح LED لحفلات الهالوين، تتوهج في الظلام، ملصق فلورسنت، اضاءة مسرحية، حوض السمك، طلاء الجسم، توهج نيون",Electrical Lighting,Electrical Lighting
Bach Trumpet Mouthpiece 7C,Musical Instruments/Accessories,Musical Instruments/Accessories
مسحوق الفلفل الأسود 150 جم,Seasonings/Preservatives/Extracts,Seasonings/Preservatives/Extracts
Lotus Biscoff Original Caramelized Biscuits 250 g,Bread/Bakery Products,Bread/Bakery Products
"Bolivia's Knee Pads for Kids, Knee and Elbow Pads with Wrist Guards, 3 in 1 Adjustable Kids Protective Gear Set, Protective Gear for Cycling, Skating, Rollerblading Scooter Outdoor Sports",Protective Wear,Protective Wear
وصلة اسلاك كهربائية مقاومة للماء بـ16 دبوس,Electrical Connection/Distribution,Electrical Connection/Distribution
زرادية ملزمة بمقبض برتقالي واسود - 10 انش - كماشة قفل فك شديدة التحمل مع فك منحني ومقبض مريح غير قابل للانزلاق - لاعمال المعادن واصلاح السيارات والشد والتثبيت من لوازم,Tools/Equipment,Tools/Equipment
Men's HUEY Jachuey Trunks Pack of 5 Noos (pack of 5),Underwear,Underwear
Lawazim Camping Axe Hatchet & Hammer & Nail Puller - Multi-Tool Axe with Pry Bar and Sharp Blade for Cutting Wood Splitting Logs Hammering and Nail Removal - for Outdoor Maintenance and Emergency Use,Camping,Camping
"FUNI Women's Kimono, Cardigan Shawl, Summer Swimsuit Coverups Beach Cover Up with Floral Print for Vacation",Swimwear,Clothing
"Media 90Cms Electric Cooker S.Steel, min 2 yrs warranty",Major Domestic Appliances,Major Domestic Appliances
"مجموعة انابيب وتركيبات انابيب كهربائية من بلاستيك PVC من بيلا مكونة من 10 قطع - حل متين ومقاوم للتآكل للاسلاك والكابلات الكهربائية الداخلية والخارجية (وصلة ثنائية الاتجاه، 20 ملم)",Electrical Cabling/Wiring,Electrical Cabling/Wiring
إيبوبروفين 200 ملجم 16 قرص,Pharmaceutical Drugs,Health Treatments/Aids
"سلك لحام أحمر 22-18 ايه دبليو جي موصل بعقب ينكمش بالحرارة، 300 قطعةأسلاك كهربائية معزولة طرفية مقاومة للماء، أطراف كهربائية بحرية للسيارات للقارب والمقطورة والستيريو",Electrical Connection/Distribution,Electrical Cabling/Wiring
Puck Cooking Cream 200 ml,Milk/Butter/Cream/Yogurts/Cheese/Eggs/Substitutes,Beverages
"كواليتي اوف لايف لابس كينوكو بلاتينيوم ايه اتش سي 750 مجم 60 كبسولة نباتية من كختبرات، من كختبرات كواليتي اوف لايف",Health Enhancement,Health Treatments/Aids
بيرفيتو مكرونة نوتشيولي ٥٠٠جم,Prepared/Preserved Foods,Cereal/Grain/Pulse Products
بريتانيا ماري جولد بسكويت وقت الشاي 154 جم,Bread/Bakery Products,Bread/Bakery Products
حزمة كرفس زراعة مائية-500 غرام,Fruits/Vegetables Fresh & Fresh Cut,Vegetables - Unprepared/Unprocessed (Fresh)
"فيش بيز - طعام نباتي نباتي نباتي في صلصة غريبة مع جوز الهند والزنجبيل والليمون. نباتي جاهز لتناول الوجبات ، خالي من الغلوتين ، عضوي ، استبدال وجبة نباتية معلبة - 125 جم ( عبوة واحدة )",Meat/Fish/Seafood Substitutes,Meat/Poultry/Other Animals
"Excefore Men's Cycling Shorts 5D Padded, Loose-fit MTB Biking Shorts Pants, Suitable for Men Zipper Pockets, Adsorbent Design (XL)",Activewear,Activewear
شورتات داخلية مزينة بالزهور والعصافير للرجال من جاك اند جونز,Underwear,Underwear
ستار سمن كلاسيكي مدعم 250 جم,Oils/Fats Edible,Oils/Fats Edible
"ماركال 175غ بروتين فول الصويا العضوي - قطع كبيرة، 175.0 غرام",Meat/Fish/Seafood Substitutes,Cereal/Grain/Pulse Products
غسالة بسعة 7 كجم مضخة موجة كبيرة غطاء زجاجي 60 هرتز ابيض من تي ال توشيبا تحميل علوي كيلوجرام,Major Domestic Appliances,Major Domestic Appliances
إندومي نودلز بنكهة اللحم البقري كوب 60 جم,Prepared/Preserved Foods,Cereal/Grain/Pulse Products
زجاجة ضغط من أعلى لأسفل من هاينز مايونيز مدخن سعة 225 مل,Prepared/Preserved Foods,Oils/Fats Edible
Durex Extra Safe Condoms,Family Planning,Family Planning
Single Use Home Pregnancy Test,Family Planning,Health Treatments/Aids
Green's Vanilla Powder 60 g,Seasonings/Preservatives/Extracts,Seasonings/Preservatives/Extracts
رشاد الماء محلي,Vegetables - Unprepared/Unprocessed (Shelf Stable),Vegetables - Unprepared/Unprocessed (Shelf Stable)
"Origami Paper 500 sheets Blue and White 4"" (10 cm): Double-Sided Origami Sheets Printed with 12 Different Designs",Arts/Crafts/Needlework Supplies,Arts/Crafts/Needlework Supplies
المراعي حليب بودرة كامل الدسم 400 جم,Milk/Butter/Cream/Yogurts/Cheese/Eggs/Substitutes,Milk/Butter/Cream/Yogurts/Cheese/Eggs/Substitutes
فواكه طازجة مشكلة مقطعة حجم وسط-350 غرام,Fruits/Vegetables Fresh Cut,Fruits - Unprepared/Unprocessed (Fresh)
مجموعة علاج اظافر القدم النامية - تمنع الالتهاب وتعقيم الأظافر.,Health Treatments/Aids,Health Treatments/Aids
قودي لحم تونا خفيف في الماء المالح 185 جم,Fish and Seafood,Seafood
Almond Powder 250 g,Prepared/Preserved Foods,Nuts/Seeds - Unprepared/Unprocessed (Perishable)
"Kids Wetsuit, Kids Warm Surfing Wetsuit Sun Neoprene For Diving Snorkeling (Size 6)",Activewear,Swimwear
LuLu Pure Granulated Sugar 1 kg,Confectionery/Sugar Sweetening Products,Confectionery/Sugar Sweetening Products
موريسونس بسكويت القمح 24 حبة,Bread/Bakery Products,Bread/Bakery Products
Nutrigold Quick Cook Oatmeal 1 kg,Cereal/Grain/Pulse Products,Cereal/Grain/Pulse Products
Indomie Fried Noodles 10 x 80 g,Prepared/Preserved Foods,Cereal/Grain/Pulse Products
لولو فلفل أسود حب 200 جم,Seasonings/Preservatives/Extracts,Vegetables - Unprepared/Unprocessed (Fresh)
Cumin Powder 150 g,Seasonings/Preservatives/Extracts,Seasonings/Preservatives/Extracts
جيني رقع للاقلاع عن التدخين 14 ملغ تساعد على التوقف خطوة 2 ملصقات مضادة سهلة وفعالة 30 قطعة,Health Treatments/Aids,Health Treatments/Aids
فراولة مجمدة-1 كيلو,Fruits - Unprepared/Unprocessed (Frozen),Fruits - Unprepared/Unprocessed (Frozen)
"High Precision Digital BMI Intelligent Electronic Body Weight Scale , Black",Medical Devices,Home Diagnostics
"Nordic Catch Plant-Based Vegan Baby Shrimp - Healthy Vegan Seafood 100% Plant-Based Fish, Vegan Fish, Vegetarian Food, Vegan Meat, Soy-Free and Non-GMO Vegan Food and Vegetarian Meat, 10 Pack, 88 Oz",Meat/Fish/Seafood Substitutes,Meat/Fish/Seafood Substitutes
Asmak Shrimps Medium 400 g,Fish and Seafood,Fish and Seafood
White Grapes South Africa 500 g,Fruits - Unprepared/Unprocessed (Fresh),Fruits - Unprepared/Unprocessed (Fresh)
أوسيا توت أسود مجمد 400جرام,Fruits - Unprepared/Unprocessed (Frozen),Vegetables - Unprepared/Unprocessed (Frozen)
كاجو فير دبليو 240 500 جرام,Fruits/Vegetables/Nuts/Seeds Prepared/Processed,Nuts/Seeds - Unprepared/Unprocessed (Perishable)
فلوريدا ناتشورال عصير البرتقال مع اللب بدون سكر مضاف عبوة أقتصادية 1.6 لتر,Beverages,Beverages
"بوش السلسلة 4، غسالة أطباق قائمة بذاتها مقاس 60 سم، 14 مكانًا، إمكانية الاتصال بالمنزل عبر شبكة WLAN، ضمان التصنيع لمدة عام",Major Domestic Appliances,Major Domestic Appliances
غيتار كلاسيكي بالحجم الكامل C40 II من ياماها,Musical Instruments/Accessories,Musical Instruments/Accessories
MakerFocus Mini Nano V3.0 ATmega328P Microcontroller Board w/USB Cable for Ar duino,Electronic Communication Components,General Electrical Hardware
AVT Premium Leaf Tea 225 g,Beverages,Cereal/Grain/Pulse Products
Ulker Tea Biscuits 12 x 70 g,Bread/Bakery Products,Bread/Bakery Products
Mazola Butter Flavor Vegetable Ghee 400 ml,Oils/Fats Edible,Oils/Fats Edible
"Vegan Shroomeats Mushroom Shred-It - High Protein Meat Substitute from Shiitake Mushrooms - Non-GMO, 8 Allergens-Free Plant Based Ground Meat - Nutritious, and Delicious Vegan Meat - 8.8 Oz",Meat/Fish/Seafood Substitutes,Meat/Fish/Seafood Substitutes
غسالة ملابس اطفال 1كغم,Major Domestic Appliances,Major Domestic Appliances
"غسالة الية بلون ابيض من ال جي WSV0805WH، تعبئة أمامية، 8.0 ليتر",Major Domestic Appliances,Major Domestic Appliances
غسالة اوتوماتيك بتحميل علوي من جينيرال سوبريم,Major Domestic Appliances,Major Domestic Appliances
نسكافيه جولد قهوة 95 جم,Beverages,Cereal/Grain/Pulse Products
جرين آيس سبانخ مجمدة 400جرام,Vegetables - Unprepared/Unprocessed (Frozen),Vegetables - Unprepared/Unprocessed (Frozen)
سيارا بازلاء جاردن مجمدة 400 جرام,Vegetables - Unprepared/Unprocessed (Frozen),Vegetables - Unprepared/Unprocessed (Frozen)
"مفتاح ربط ألن سداسي من أمازون بيسيكس، مجموعة 26 مفتاح مع طرف كروي",Tools/Equipment,Tools/Equipment
اليغو لوح توصيل 400 نقطة ربط و4 قضبان طاقة لاردوينو - 3 قطع,Electronic Communication Components,Electrical Connection/Distribution
زيت الزيتون للطبخ عافية 1 لتر,Oils/Fats Edible,Oils/Fats Edible
"Electronic Capacitor, 4.7 UF, 100V",Electronic Communication Components,Electrical Cabling/Wiring
نوتريجولد دقيق الشوفان للطهي السريع 1 كجم,Cereal/Grain/Pulse Products,Cereal/Grain/Pulse Products
أنكور مسحوق حليب كامل الدسم 1.8 كجم,Milk/Butter/Cream/Yogurts/Cheese/Eggs/Substitutes,Milk/Butter/Cream/Yogurts/Cheese/Eggs/Substitutes
Runner Bean - White EMERGO - 25 (Organic/BIO),Vegetables (Non Leaf) - Unprepared/Unprocessed (Fresh),Vegetables - Unprepared/Unprocessed (Fresh)
Century Tuna Hot And Spicy 180 g,Fish and Seafood,Fish and Seafood
Mehran Bombay Biryani Masala 60 g,Seasonings/Preservatives/Extracts,Cereal/Grain/Pulse Products
كوسه جاهزه للحشو - صحن 450 جرام,Fruits/Vegetables Fresh Cut,Vegetables - Unprepared/Unprocessed (Shelf Stable)
سرير كشف معدني متحرك من جهة الرأس,Medical Devices,Medical Devices
White Onions,Vegetables (Non Leaf) - Unprepared/Unprocessed (Fresh),Vegetables - Unprepared/Unprocessed (Fresh)
"Camping Sleeping Pad, Extra Thickness 3.9 Inch Inflatable Sleeping Mat with Pillow Built-in Pump, Compact Ultralight Waterproof Camping Air Mattress for Backpacking, Hiking, Tent",Camping,Camping
Pears Forelle South Africa 500 g,Fruits - Unprepared/Unprocessed (Fresh),Fruits - Unprepared/Unprocessed (Fresh)
"زجاجة ضغط من أعلى لأسفل بنكهة المايونيز الحار من هاينز، 225 مل",Prepared/Preserved Foods,Oils/Fats Edible
"مجموعة مفاتيح عدة بسقاطة وادوات مقابس مقاس 35.5 مكونة من 46 قطعة من فولوز، مجموعة مفك براغي مع حقيبة تخزين للمنزل والسيارة والدراجات والمشاريع الميكانيكية",Tools/Equipment,Tools/Equipment
Americana Fresh Frozen Mixed Vegetables 450 g,Vegetables - Unprepared/Unprocessed (Frozen),Vegetables - Unprepared/Unprocessed (Frozen)
حوافل  بذور الكينوا الطبيعية  ـ 250 جرام,Nuts/Seeds - Unprepared/Unprocessed (In Shell),Oils/Fats Edible
Al Kabeer Frozen Large Prawns 400 g,Fish and Seafood,Fish and Seafood
طقم بيجامة للنساء من سيواتين مكون من قطعتين من قماش مضلع منسوج بأكمام طويلة وأزرار وشورت,Sleepwear,Sleepwear
"سبانكس ملابس داخلية لتشكيل الجسم للنساء، نصف سليب",Underwear,Underwear
Pelvipedal Hip Spica Table,Medical Devices,Orthopedic
Nutella Hazelnut Spread with Cocoa 1 kg,Confectionery/Sugar Sweetening Products,Confectionery/Sugar Sweetening Products
زيت زيتون بيتوتي وزيت زيتون بكر ممتاز 1 لتر,Oils/Fats Edible,Oils/Fats Edible
جالكسي مينيس شوكولاتة بالبندق 19 قطعة 237.5 جم,Confectionery/Sugar Sweetening Products,Confectionery/Sugar Sweetening Products
جهاز قياس السكر كونتور مع شرائط,Home Diagnostics,Medical Devices
Red Bull Energy Drink Blueberry 250 ml,Beverages,Beverages
Nadec Organic Extra Virgin Olive Oil 500 ml,Oils/Fats Edible,Oils/Fats Edible
ليز رقائق بطاطس بالجبنة الفرنسية 12 × 21 جم,Prepared/Preserved Foods,Bread/Bakery Products
Sunbulah Frozen Mixed Vegetables 450 g,Vegetables - Unprepared/Unprocessed (Frozen),Vegetables - Unprepared/Unprocessed (Frozen)
Almond Raw 23/25mm 500 g,Nuts/Seeds - Unprepared/Unprocessed (Perishable),Nuts/Seeds - Unprepared/Unprocessed (Perishable)
LuLu Canola Oil 3 Litres,Oils/Fats Edible,Oils/Fats Edible
ما وراء اللحوم وراء السجق النباتي 4 × 50 جرام (200 جرام),Meat/Fish/Seafood Substitutes,Meat/Fish/Seafood Substitutes
Vicks Lozenge 40 gm Lemon And Menthol-Sugar-Free,Health Treatments/Aids,Health Treatments/Aids
خبز البريوش-حبة,Bread/Bakery Products,Bread/Bakery Products
"طقم بيجامة لانجري مثير للنساء من الساتان مكون من 4 قطع، بيجامة حريرية للنوم من الدانتيل وشورت كامي",Sleepwear,Sleepwear
Twix Twin Chocolate 25 x 50 g,Confectionery/Sugar Sweetening Products,Confectionery/Sugar Sweetening Products
طقم سراويل داخلية قطنية ناعمة بخصر متوسط الارتفاع للنساء من 6 قطع من اينيرسي,Underwear,Underwear
Veterinary Small Animal Ultrasound with Micro Convex Probe,Veterinary Healthcare,Veterinary Healthcare
ماي فاينست كاجو محمص 450 جم,Fruits/Vegetables/Nuts/Seeds Prepared/Processed,Nuts/Seeds - Unprepared/Unprocessed (Perishable)
"دعامات الركبة من الصوف للرجال والنساء، وسائد سميكة للتدفئة في الشتاء لتدفئة الركبة باكمام ودفايات الساق وواقي للركبة واكمام دافئة لالتهاب المفاصل والرقص واليوجا والجري واللياقة البدنية",Protective Wear,Underwear
وي ماس 622 قطعة موصلات كهربائية مقاومة للماء للسيارات,Electrical Connection/Distribution,Electrical Connection/Distribution
"جهاز قياس متعدد رقمي شبكي ايكام يوني-تي UT202A+اقصى قيمة 6000، جذر متوسط مربع حقيقي، مقياس تيار كهربائي متردد/مقياس جهد كهربائي، اختبار ان سي في، قياس قيمة السعة النسبية",General Electrical Hardware,Electrical Connection/Distribution
Generic Electronic Computing Price Scale Black/Silver 40kg,Computers/Video Games,Computers/Video Games-Computers
Ferrero Kinder Chocolate Mini Filled Milk Chocolate With Rich Milky Filling 120 g,Confectionery/Sugar Sweetening Products,Confectionery/Sugar Sweetening Products
اكسيفور محطة لحام تساعد اليدين مع عدسة مكبرة - اداة يدوية ثالثة حامل PCB - لوحة قاعدة شديدة التحمل اربعة اذرع مرنة للحام والاصلاح الالكتروني,Electronic Communication Components,Electrical Connection/Distribution
"يو إل اتش واي سي كرسي ألعاب الرياضات الإلكترونية، كرسي كمبيوتر قابل للتعديل، مكتب كمبيوتر، جلد بولي يوريثان، مسند ظهر مرتفع، دعم قطني، مساند أذرع مريحة، مسند رأس مع مسند للقدمين، أسود وأحمر 24.8x14.5x44.5 بوصة",Computers/Video Games,Computers/Video Games  -  Gaming
السنبلة فاصوليا خضراء مقطع مجمد 400 جرام,Vegetables - Unprepared/Unprocessed (Frozen),Vegetables - Unprepared/Unprocessed (Frozen)
"عصارة متعددة الوظائف ، عصير سريع ، سرعة قابلة للتعديل في اثنين من التروس ، آلة عصير طازج من عيار كبير ، 280 واط عالية الطاقة ، الصف الاتصال الغذاء الفولاذ المقاوم للصدأ طبقات",Small Domestic Appliances,Small Domestic Appliances
Generic Laptop Bag Sleeve Case Skin For Hp Dell Samsung Apple Macbook Air Pro Retina 11 11.6 Inch Light Blue,Computers/Video Games,Accessories
Axe Oil 3 ml,Health Treatments/Aids,Health Treatments/Aids
يقطين طازج مقطع 400 جرام,Fruits/Vegetables Fresh & Fresh Cut,Vegetables - Unprepared/Unprocessed (Fresh)
"120 قطعة من أسلاك دوبونت متعددة الألوان 40 دبوس ذكر إلى أنثى، و40 دبوس ذكر لذكر، و40 دبوس أنثى إلى أنثى، مجموعة كيبلات شريط توصيل متوافقة مع مشاريع لاردوينو من اليغو",Electronic Communication Components,Electrical Cabling/Wiring
مقياس رقمي متعدد الاستخدام حتى 2000 عدة من استروال يعمل مع التيار المتردد والتيار المستمر والفولتميتر والاوم والامبير؛ يقيس الجهد الكهربائي والتيار والمقاومة؛ اختبارات السلك المباشر والاستمرارية,General Electrical Hardware,Electrical Cabling/Wiring
"ميكروفون شور SM-58-S، أحادي الاتجاه، أسود، XLR",Musical Instruments/Accessories,Musical Instruments/Accessories
ملابس داخلية جاكبلاك من نوع فرايداي ترانك 5 قطع جاك اند جونز أسود L,Underwear,Underwear
مجموعة أدوات منزلية مكونة من 218 قطعة ايستفولت إصلاح السيارات لمالك المنزل يدوية عامة مع مطرقة وكماشة ومجموعة مفك براغي مقابس وحقيبة تخزين الأدوات,Tools/Equipment,Tools/Equipment
"كينوود محضر طعام، 750 واط، 2 لتر، خلاط وخفاقة، صانع عجين، FDP03.C2WH، ابيض",Small Domestic Appliances,Major Domestic Appliances
"سنيكرز شوكولاتة عبوة اقتصادية,5 × 45 جم",Confectionery/Sugar Sweetening Products,Confectionery/Sugar Sweetening Products
ناجارايا الأصلي سناك مصنوع من السوداني 160 جم,Prepared/Preserved Foods,Cereal/Grain/Pulse Products
"اي وينا واقي اذن للاطفال الرضع والاطفال الصغار من شهر الى سنتين - اغطية اذن بخاصية الغاء الضوضاء - سماعات راس للاطفال ضد تلف السمع تحسن من اساسيات النوم والسفر بالطائرة، ازرق سماوي",Protective Wear,Protective Wear
Eacam Electric Socket Tester Outlet Tester Digital LCD Display with NCV Test RCD Test Polarity Test Electric Circuit Polarity Voltage Detector Home School Office Laboratory Factory Safety Inspection,General Electrical Hardware,Electrical Connection/Distribution
المراعي سمن زبدة صافي 400جم,Oils/Fats Edible,Oils/Fats Edible
مصباح سقف LED 24 واط RGB+CCT من ايكام,Electrical Lighting,Electrical Lighting
"مجموعة انابيب وتركيبات انابيب كهربائية من بلاستيك PVC من بيلا مكونة من 10 قطع - حل متين ومقاوم للتآكل للاسلاك والكابلات الكهربائية الداخلية والخارجية (سرج، 20 ملم)",Electrical Cabling/Wiring,Electrical Cabling/Wiring
"يوجرين سلك تمديد 65 وات 10 في 1 مع 4 فتحات USB، شريط طاقة واقي من زيادة التيار مع مقبس شاحن USB متعدد المقابس 6 اتجاهات، محطة شحن ذكية، كابل تمديد 2 متر للمنزل والمكتب والسفر",General Electrical Hardware,Electrical Cabling/Wiring
"ملابس داخلية بدون خياطة للنساء من دريس سيسي، سروال داخلي قصير ومن دانتيل غير ظاهر، عبوة من قطعتين",Underwear,Underwear
"KASTWAVE Black Baseball Cap, Running Hat, Golf Hats, Quick Dry Sports Cap, Summer UV Protection Outdoor Cap, for Men and Women (Black)",Activewear,Activewear
حبوب منع الحمل ياسمين 21 قرص,Family Planning,Family Planning
LuLu Pure Cow Ghee 500 ml,Oils/Fats Edible,Oils/Fats Edible
عدة فحص اسلاك الشبكة المحلية والايثرنت RJ45 RJ11 RJ12 فئة 5 اي و6 اي,Electronic Communication Components,Electrical Cabling/Wiring
"بلايز سباحة للنساء بي في اتش من كالفن كلاين، لون أسود، مقاس XL",Swimwear,Swimwear
تمور لولو تمر مبروم 500 جم,Fruits/Vegetables/Nuts/Seeds Prepared/Processed,Fruits - Unprepared/Unprocessed (Fresh)
موزع ماء ساخن 2.6 لتر لسطح المكتب,Small Domestic Appliances,Major Domestic Appliances
Wrigley's Extra Spearmint Gum Sugar Free 6 x 60 pcs,Confectionery/Sugar Sweetening Products,Confectionery/Sugar Sweetening Products
Eastern Coriander Powder 200 g,Seasonings/Preservatives/Extracts,Seasonings/Preservatives/Extracts
سفرجل- كغم 2.0,Fruits - Unprepared/Unprocessed (Fresh),Vegetables - Unprepared/Unprocessed (Shelf Stable)
"Origami Paper 100 sheets Hearts & Flowers 6"" (15 c: Tuttle Origami Paper: Double-Sided Origami Sheets",Arts/Crafts/Needlework Supplies,Arts/Crafts/Needlework Supplies
Passion Fruit India 500 g,Fruits - Unprepared/Unprocessed (Fresh),Fruits - Unprepared/Unprocessed (Fresh)
Ivarin 20 mg Tablet 30,Pharmaceutical Drugs,Health Treatments/Aids
Men's HeatGear Compression Long-Sleeve T-Shirt,Activewear,Activewear  ## Instruction:
ميلما سمن 500 مل,Oils/Fats Edible,Oils/Fats Edible
جل التراساوند جالون 5 لتر – استريموا,Medical Devices,Health Treatments/Aids
"عبوة من 10 انابيب وتركيبات انابيب كهربائية من بلاستيك PVC من بيلا - حل متين ومقاوم للتاكل للاسلاك والكابلات الكهربائية الداخلية والخارجية (وصلة على شكل حرف U، 20 ملم)",Electrical Cabling/Wiring,Electrical Cabling/Wiring
Bitray Marine Battery Busbar Terminal Block 12V 300A,Electrical Connection/Distribution,Electrical Connection/Distribution
ميزان حرارة رقمي FT09 من بويرر,Home Diagnostics,Healthcare - Medical Devices
Hap Tim Soft Cooler Bag 40-Can Large Reusable Grocery Bags Upgraded Soft Sided Collapsible Travel Cooler for Outdoor Travel Hiking Beach Picnic BBQ Party (AE13634),Camping,Camping
Iceberg Lettuce,Vegetables - Unprepared/Unprocessed (Fresh),Vegetables - Unprepared/Unprocessed (Fresh)
"سروال سباحة للرجال من تومي هيلفجر، هيليفيغر، نايلون",Swimwear,Swimwear
مطرقة تثبيت من بي ام بي تولز - 25 ملم | مطرقة مطاطية مزدوجة الرأس 25 ملم مطرقة مطاطية ناعمة قابلة للاستبدال لتركيب بلاط الأرضيات والحرف اليدوية,Tools/Equipment,Tools/Equipment
"مجموعة خوذة الدراجة مع وسادات للركبة والكوع وواقيات المعصم، مجموعة معدات حماية خوذة قابلة للتعديل للأطفال والشباب، خوذة دراجة للتزلج",Protective Wear,Protective Wear
"شورت سباحة بلوك للرجال من اوربان كلاسيكس، نايلون",Swimwear,Swimwear
Royal Chicken Strips 750 g,Meat/Poultry/Other Animals,Meat/Poultry/Other Animals
LuLu Vegetable Ghee 500 ml,Oils/Fats Edible,Oils/Fats Edible
"MOMMED Ovulation Test Strips, 50 LH Ovulation Predictor Kit with Free 50 Collection Cups, Accurately Track Ovulation Test, High Sensitivity Result for Women Home Testing",Family Planning,Family Planning
جهاز قياس الرطوبة والحرارة اليكترونى,Medical Devices,Healthcare - Medical Devices
MI Excite MI Excite Gaming PC ECO Core i5 12400F CPU RTX 3060 GPU DDR4 H610 MB DDR4 16GB RAM 1000GB SSD M.2  600w PSU  Black Black RTX 3060,Computers/Video Games,Computers/Video Games  >  Computers  >  Desktops  >  Gaming Desktops
Almarai Mixed Berry Juice No Added Sugar 1.4 Litres,Beverages,Beverages
باراشوت زيت جوز الهند 500 مل,Oils/Fats Edible,Oils/Fats Edible
باطوق علك بنكهة الهيل 5 حبات,Confectionery/Sugar Sweetening Products,Cereal/Grain/Pulse Products
Oska Bottled Drinking Water 1.5 Litres,Beverages,Beverages
"ثوب سباحة طويل للنساء، ثوب سباحة شفاف برباط جانبي وتنورة ملتفة للشاطئ والبيكيني، مقاس عالمي",Swimwear,Swimwear
فيكس شراب للسعال 100 مل,Pharmaceutical Drugs,Health Treatments/Aids
"Forehead Thermometer for Adults and Kids, KKmoon Digital Infrared Thermometer LCD Non-contact Temperature Meter with Fever Alarm Dual Temperature Mode 3-Color Backlight Data Storage-CE Approved",Home Diagnostics,Home Diagnostics
Fresh Broccoli Sliced Tray,Fruits/Vegetables Fresh Cut,Vegetables - Unprepared/Unprocessed (Fresh)
يانتنز طاولة كمبيوتر مع رف كتب أبيض 120x55x73 سم,Computers/Video Games,Computing/Video Games-Computers
"خزانة تحكم من الستانلس ستيل من تشينجبي، صندوق توزيع داخلي مقاوم للماء مع قفل، صندوق توزيع يثبت على الحائط للاسلاك/صندوق التوصيل، 400 × 350 × 150 ملم",Electrical Connection/Distribution,Electrical Connection/Distribution
GearZone 21V Wireless Reciprocating Saw,Tools/Equipment,Power Tools
Tiffany Delight Triple Chocolate Cookies 3 x 100 g,Bread/Bakery Products,Bread/Bakery Products
Rahaf Sunflower Oil 5 Litres,Oils/Fats Edible,Oils/Fats Edible
"XICEN Ring Battery Charger, Dual Port Charging Station for Ring Spotlight Cam Battery, Ring Video Doorbell 2 & Ring Stick Up Cam Battery (Ring Batteries NOT Included)",Electrical Connection/Distribution,Electrical Connection/Distribution
عصير العنب الأحمر رودس 1 لتر,Beverages,Beverages
باتافيا,Vegetables - Unprepared/Unprocessed (Shelf Stable),Cereal/Grain/Pulse Products
"Dresses Women Dress Bohemian Plus Size Floral Print Summer Beach Women Dresses for Mother of Bride Summery (Red,Large)",Clothing,Clothing
"JoyFan Charging Cable Adapter, Socket 10A 220V V2L Power Conversion Plug 2.5kW Electric Vehicle to Charging Adapter for IEC 62196-2 Type 2 EV RV Accessories (Black)",Electrical Cabling/Wiring,General Electrical Hardware
Buscopan Cramps Tablets 20s,Pharmaceutical Drugs,Health Treatments/Aids
"كيه دي جي مصباح طاولة لاسلكي، مصباح مكتب LED محمول، يعمل ببطارية 5000mAh، 3 الوان خافتة بدون خطوات، للمطاعم/غرفة النوم/الحانات/الحفلات الخارجية/التخييم/المقهى (اسود)",Electrical Lighting,Electrical Lighting
"فوني كيمونو للنساء، شال كارديجان، ملابس سباحة صيفية تغطي الشاطئ مع طباعة زهور للعطلات",Swimwear,Swimwear
"طقم حزام زفاف من الساتان من ميري جولي، اربطة للعروس للنساء، رباط ساق للزفاف، مقاس واحد (15-23 انش)",Underwear,Underwear
"TZYTHT Lineman Prayer Gifts,Minimalist Personalized Engraved Metal Wallet,Slim Wallet for Men,Lineman Wallet for Him Husband Boyfriend Dad Uncle Electric Cable Lineman Be Safe Gift (Lineman Wallet)",Electrical Cabling/Wiring,General Electrical Hardware
McVitie's Digestive Creams Vanilla Filled Wheat Biscuit 12 x 40 g,Confectionery/Sugar Sweetening Products,Bread/Bakery Products
لولو شرائح لحم جاموس مجمد بدون عظم 900 جم,Meat/Poultry/Other Animals,Meat/Poultry/Other Animals
كمثري طازجة- كغم 2.0,Fruits - Unprepared/Unprocessed (Fresh),Fruits - Unprepared/Unprocessed (Fresh)
بانادول ادفانس 24 قرص,Pharmaceutical Drugs,Health Treatments/Aids
Lollo Bionda,Vegetables - Unprepared/Unprocessed (Fresh),Vegetables (Non Leaf) - Unprepared/Unprocessed (Fresh)
سروال قصير رجالي من Fruit Of The Loom Coolzone Boxer 5 عبوات قطن,Underwear,Underwear
ماجي خلطة بشاميل طبيعي 80 جم,Seasonings/Preservatives/Extracts,Cereal/Grain/Pulse Products
مووف كريم تخفيف الام سريع - 50 غرام عبوة من 3 قطع,Health Treatments/Aids,Health Treatments/Aids
لفائف الربيع,Prepared/Preserved Foods,Vegetables - Unprepared/Unprocessed (Fresh)
XRTLYH Portable Juice Blender Portable Juicing Cup Multifunctional Household,Small Domestic Appliances,Small Domestic Appliances  #
موقد تخييم قابل للطي للزجاج الامامي للتخييم والنزهات والمشي لمسافات طويلة والانشطة الخارجية مع شنطة تخزين من كيب جرين,Camping,Outdoor Cooking
"Almonds, 120g",Nuts/Seeds - Unprepared/Unprocessed (Perishable),Nuts/Seeds - Unprepared/Unprocessed (Perishable)
LuLu Cinnamon Stick 100 g,Seasonings/Preservatives/Extracts,Seasonings/Preservatives/Extracts
Nutella Hazelnut Spread with Cocoa 825 g,Confectionery/Sugar Sweetening Products,Confectionery/Sugar Sweetening Products
Seeberger - Soft Dried Apricot 200g,Fruits - Unprepared/Unprocessed (Shelf Stable),Fruits - Unprepared/Unprocessed (Shelf Stable)
"ماسكو لوحة فنية قماشية فاخرة، مقاس 30 سم × 30 سم، ابيض",Arts/Crafts/Needlework Supplies,Arts/Crafts/Needlework Supplies
Al Kabeer Chicken Seekh Kebabs 8 pcs 320 g,Meat/Poultry/Other Animals,Meat/Poultry/Other Animals
mens Jjenoa Tee Ss Crew Neck Noos T-Shirt (pack of 1),Clothing,Clothing
"بروتين نباتي خشن، بديل لحوم نباتي، خال من الهكسان بنسبة 100%، مصنوع من فول الصويا الاصفر المصنف رقم 1، صنع في امريكا، خال من الغلوتين، شبيه بلحم البقر، بدون نكهة، عبوة واحدة، من هولسوم بروفيجنز",Meat/Fish/Seafood Substitutes,Meat/Fish/Seafood Substitutes
Coca-Cola Light Can 6 x 355 ml,Beverages,Beverages
روبيان الكبير متوسط ​​الحجم 400 جرام,Fish and Seafood,Fish and Seafood
"MomMed Pregnancy Tests, 20 x Pregnancy Test Strips (25mIU) with 20pcs Deep Urine Cups, Reliable and Quick Early Detection of Pregnancy, Early Pregnancy Tests, Pregnancy Test Kit",Home Diagnostics,Health Treatments/Aids
لولو فطر كامل عبوة اقتصادية 3 × 425 جم,Vegetables (Non Leaf) - Unprepared/Unprocessed (Fresh),Cereal/Grain/Pulse Products
حبوب كولاجين متعددة نوع I وII وIII وV وX ببتيدات الكولاجين معزز الامتصاص مزيج بروتين المغذي بالعشب لمكافحة الشيخوخة وللشعر والجلد والاظافر والمفاصل 90 كبسولة,Health Enhancement,Health Treatments/Aids
Sadia Angus Beef Burger 240 g,Meat/Poultry/Other Animals,Meat/Poultry/Other Animals
Yellow Lentils 500 g,Cereal/Grain/Pulse Products,Cereal/Grain/Pulse Products
"جهاز قياس متعدد رقمي شبكي ايكام يوني-تي UT202A+اقصى قيمة 6000، جذر متوسط مربع حقيقي، مقياس تيار كهربائي متردد/مقياس جهد كهربائي، اختبار ان سي في، قياس قيمة السعة النسبية",General Electrical Hardware,Electrical Connection/Distribution
Indofood Sweet Soy Sauce 140 ml,Seasonings/Preservatives/Extracts,Seasonings/Preservatives/Extracts
Vivera Plant-Based Steak,Meat/Fish/Seafood Substitutes,Cereal/Grain/Pulse Products
Plain USA Pistachio With Shell-500G,Nuts/Seeds - Unprepared/Unprocessed (In Shell),Nuts/Seeds - Unprepared/Unprocessed (In Shell)
مجدي بهارات برياني حب 100 جم,Seasonings/Preservatives/Extracts,Seasonings/Preservatives/Extracts
"طقم ملابس إسلامية حريمي مكون من قطعتين قميص بأكمام طويلة وأزرار أمامية وسروال من اوديزلي، فستان كاجوال دبي",Clothing,Underwear
Women's Ladies 2-tone College Sweatjacket Sweat Jacket,Clothing,Clothing
Generic BTS Member Series Backpack For Laptop 17-Inch Brown/Orange,Computers/Video Games,Backpacks
Tofurky Plant-Based Deli Slices,Meat/Fish/Seafood Substitutes,Meat/Fish/Seafood Substitutes
جاك اند جونز شورت سباحة بقصة عادية للرجال من فيجي,Swimwear,Swimwear
الشربتلي ثوم مقشر قطع صغيرة 250 جرام,Fruits/Vegetables/Nuts/Seeds Prepared/Processed,Vegetables - Unprepared/Unprocessed (Shelf Stable)
Electric Lighting: A Practical Treatise,Electrical Lighting,Electrical Lighting
Amy's Organic California Veggie Burger,Meat/Fish/Seafood Substitutes,Cereal/Grain/Pulse Products
فطيرة كالزوني جبن شيدر-وسط,Bread/Bakery Products,Bread/Bakery Products
Carrots 1 kg,Vegetables (Non Leaf) - Unprepared/Unprocessed (Fresh),Vegetables - Unprepared/Unprocessed (Fresh)
"71Pcs Wood Burning Kit, Wood Burning Pyrography Pen Set,Adjustable Temperature Soldering Engraving and Crafts Tools for Wood Burning/Soldering/Carving with Stencils+ Wood Soldering Tips+ Pencils",Arts/Crafts/Needlework Supplies,Arts/Crafts/Needlework Supplies
"برجر ليندا مكارتني النباتي، 227 جرام (مجمد)",Meat/Fish/Seafood Substitutes,Meat/Fish/Seafood Substitutes
المراعي عصير توت مشكل بدون إضافة سكر 1.4 لتر,Beverages,Beverages
بينفيتال حبوب لدعم الجهاز البولي للقطط و الكلاب 25 جرام,Veterinary Healthcare,Pet Healthcare
طقم ملابس نوم للنساء مكون من بلوزة للنوم والاسترخاء مع شورت بيجامة,Sleepwear,Sleepwear
alattar Dried Prunes 200 g,Fruits - Unprepared/Unprocessed (Shelf Stable),Fruits - Unprepared/Unprocessed (Shelf Stable)
"محمصة خبز 4 شرائح بشاشة LED من كوسيماكس، 1450 واط، 4 فتحات، مع خاصية الإلغاء/اعادة التسخين/اذابة الثلج، 6 اعدادات للتحميص وصينية فتات الفتات، ستانلس ستيل اسود",Small Domestic Appliances,Major Domestic Appliances
جهاز قياس الحرارة بالأشعة تحت الحمراء للأطفال,Home Diagnostics,Healthcare - Medical Devices
"Oval LED Wall Light, 30W, 2250lm, 30000h long life, for Hallway Porch Wall Lamp, Wall Light Fixture for Yards, Doorways, Garden, Pathway (Warm)",Electrical Lighting,Electrical Lighting  #
ريتز بسكويت مالح 99 جم,Bread/Bakery Products,Bread/Bakery Products
جهاز دياثرمي للكي – Electrosurgical,Medical Devices,Electrical Medical Devices
"10 Pack Wireless Mini LED Spotlights - Battery Operated Warm White Wireless Miniature Lights for Art, Jewelry Display, Closets & DIY Projects (Multi-Color Changing)",Electrical Lighting,Electrical Lighting  #
Braun ThermoScan 7 Ear Thermometer,Home Diagnostics,Medical Devices
أوراق الكزبرة-حزمة,Fruits/Vegetables Fresh & Fresh Cut,Vegetables (Non Leaf) - Unprepared/Unprocessed (Fresh)
"Vitalitown Probiotics 120 Billion CFUs | 36 Strains, with Prebiotics & Digestive Enzymes for Men Women | Shelf Stable | Digestive & Immune Support | Vegan, Non-GMO | 30 Delayed Release Veg Caps",Health Enhancement,Health Treatments/Aids
طقم ملابس ترانك للرجال مكون من 3 قطع تومي هيلفجر UM0UM022030XG004 مزيج القطن,Underwear,Underwear
"شورت داخلي عالي الخصر، ملابس داخلية بعد الولادة بخصر مرتفع، مشد خصر لرفع المؤخرة، بوكسر يشكل الجسم، ملابس داخلية عالية الخصر للنساء بعد الولادة",Underwear,Underwear
Wood Chisels Woodworking Carving Chisel Engraving Kni Fe Tool 5 Blades Soft Tube Set,Arts/Crafts/Needlework Supplies,Arts/Crafts/Needlework Supplies
Digilent Basys 3 Artix-7 FPGA Trainer Board: Recommended for Introductory Users,Electronic Communication Components,General Electrical Hardware
"بدلة سباحة بأكمام طويلة لتغطية كاملة للأطفال، بدلة لتغطية كاملة للأطفال الصغار من قطعة واحدة (الإمارات العربية المتحدة/ السعودية، لعمر 6 سنوات، قصة عادية، لون أزرق سماوي)",Swimwear,Swimwear
Amino-Vit Oral Solution,Veterinary Healthcare,Health Treatments/Aids
ساديا برجر دجاج جامبو 1 كجم,Meat/Poultry/Other Animals,Meat/Poultry/Other Animals
يو إف سي كاتشاب الموز الحار  320 جم,Seasonings/Preservatives/Extracts,Seasonings/Preservatives/Extracts
"Arrow Double Door Refrigerator, 11.7 Cubic Feet, 333 Liters, No Frost, Silver, RO2-530NF/520",Major Domestic Appliances,Major Domestic Appliances
Loacker Tortina Original 125 g,Bread/Bakery Products,Cereal/Grain/Pulse Products
"Butter Luxe High Waisted Lounge Legging 25"" - Workout Leggings for Women Buttery Soft Yoga Pants",Activewear,Activewear
ملفوف صيني (للكيلو),Vegetables (Non Leaf) - Unprepared/Unprocessed (Fresh),Vegetables - Unprepared/Unprocessed (Fresh)
Bob's Red Mill Organic Chia Seeds 340 g,Nuts/Seeds - Unprepared/Unprocessed (Perishable),Nuts/Seeds - Unprepared/Unprocessed (Perishable)
SKY-TOUCH 58 In 1 Precision Screwdriver Set,Tools/Equipment,Tools/Equipment
أوتوفلور نقط لعلاج التهابات الأذن والعث والطفيليات للقطط والكلاب 15 مل,Veterinary Healthcare,Veterinary Healthcare
"خوذة امان SHK-1 بحافة كاملة من ستودسون: متوافقة مع ANSI/ISEA Z89.1 النوع II (R 2019)، خفيفة الوزن وجيدة التهوية، شريحة اتصال للطوارئ ان اف سي، مقاس واحد، حماية من الفئة C وE",Protective Wear,Protective Wear
أنكور دايلي بلس حليب بودرة مدعم 1.8 كجم,Milk/Butter/Cream/Yogurts/Cheese/Eggs/Substitutes,Milk/Butter/Cream/Yogurts/Cheese/Eggs/Substitutes
Roadbox UPF 50+ Long Sleeve Shirt Men - UV Sun Shirts Lightweight Quick Dry Rashguard for Outdoor Hiking Swimming Workout Athletic,Swimwear,Activewear
Womens Sleep/Lounge Top With Pajama Shorts Sleepwear Set,Sleepwear,Sleepwear
"Camping Tent Outdoor for 4 Persons, Automatic Pop-Up Tent, Waterproof and Windproof with Sunshade, Portable Beach Tent, Includes Camping Mat",Camping,Camping
"سيللد قطعة فم بوق 7C من باخ، قطعة فم من النحاس المطلي بالكهرباء، اكسسوارات الات موسيقية بوق، اكسسوارات البوق",Musical Instruments/Accessories,Musical Instruments/Accessories
مشرط جراحي تكنوكت بدون يد كربون مقاس 12,Medical Devices,Medical Devices
Earthbath Hot Spot Relief Spray for Dogs - 8 oz,Veterinary Healthcare,Veterinary Healthcare
Double Horse Thanjavur Ponni Boiled Rice 10 kg,Cereal/Grain/Pulse Products,Cereal/Grain/Pulse Products
مانج توماس صلصة لجميع الأغراض 330 جرام,Seasonings/Preservatives/Extracts,Seasonings/Preservatives/Extracts
AVT Premium Tea 450 g,Beverages,Cereal/Grain/Pulse Products
Surely Early Pregnancy Test Pen - 1 Piece,Home Diagnostics,Health Treatments/Aids
"اداة سحب اسلاك من جويز، اداة سحب كيبلات كهربائية موصلة مع حافظة اثر كهربائية او سحب اسلاك اتصال، بكرة شريط سمك من الالياف الزجاجية بطول 30 متر، تستخدم للجدران الجافة والسقف تحت السجاد او الانابيب",General Electrical Hardware,Electrical Cabling/Wiring
Parachute Coconut Oil 200 ml,Oils/Fats Edible,Oils/Fats Edible
لولو افال رقيقة 500جم,Cereal/Grain/Pulse Products,Cereal/Grain/Pulse Products
جوز الهند مبشور طازج-150 غرام,Fruits/Vegetables Fresh & Fresh Cut,Oils/Fats Edible
Durex Intense Pleasure Condoms,Family Planning,Family Planning
"Laura Ashley 2-Slice Toaster, China Rose",Small Domestic Appliances,Major Domestic Appliances
اوفيمر بلس من الارجينين ميو-اينوزيتول الكارنيتين اكياس فيتامين - 30 كيس اف ايه اس,Health Enhancement,Health Treatments/Aids
بابايا سعودي صفراء- كغم 2.0,Fruits - Unprepared/Unprocessed (Fresh),Fruits - Unprepared/Unprocessed (Fresh)
Perdix Frozen Chicken Griller 10 x 1.1 kg,Meat/Poultry/Other Animals,Meat/Poultry/Other Animals
"كاليفورنيا جاردنز - بامية زيرو مجمدة، 400 جرام",Vegetables - Unprepared/Unprocessed (Frozen),Vegetables - Unprepared/Unprocessed (Frozen)
Womene Regular Fit Midi Length Wool Like Double Breasted Coat,Clothing,Clothing
سروال داخلي قصير 3P للرجال من كالفن كلاين,Underwear,Underwear
"Almehbaj Dried Cranberry Fruits Bag, 250 g",Fruits - Unprepared/Unprocessed (Shelf Stable),Fruits - Unprepared/Unprocessed (Shelf Stable)
"فكتوريا سيكريت طقم بيجامة قطن طويل، ملابس نوم للنساء (XS-XXL)",Sleepwear,Sleepwear
Cut Pineapple Kiwi Strawberry-650G,Fruits/Vegetables Fresh Cut,Fruits/Vegetables Fresh Cut
Ibuprofen 200mg Tablets 16s,Pharmaceutical Drugs,Health Treatments/Aids
إكسترا سيف من عبوتين 12,Family Planning,Health Treatments/Aids
"BMB TOOLS Wool wheel ""7",Tools/Equipment,Home Improvement
زادانا بذور الحنطة السوداء عضوي حب كامل 500 جرام,Nuts/Seeds - Unprepared/Unprocessed (In Shell),Oils/Fats Edible
سلتوس,Vegetables - Unprepared/Unprocessed (Shelf Stable),Fruits/Vegetables Fresh Cut
فورنو بونومي سافوياردي بسكويت ليدي فينجرز 200 جم,Bread/Bakery Products,Bread/Bakery Products
فلفل تشيلي راويت أخضر تايلاندي مقطع وجاهز للأكل عبوة 100,Fruits/Vegetables Fresh Cut,Vegetables - Unprepared/Unprocessed (Fresh)
لولو بودرة حليب جوز الهند ١ كجم,Milk/Butter/Cream/Yogurts/Cheese/Eggs/Substitutes,Milk/Butter/Cream/Yogurts/Cheese/Eggs/Substitutes
"Azonee Digital Multimeter Tester, Rechargeable Electrical Voltmeter with Smart Mode, Measures Capacitance, Diode, Ohm, Continuity, DC/AC Voltage, with Carrying Case",General Electrical Hardware,Electrical Connection/Distribution
سيفوي سيجنتشر سلكت فاكهة المانجو مجمدة-454 غرام,Fruits - Unprepared/Unprocessed (Frozen),Fruits - Unprepared/Unprocessed (Frozen)
باروك سلطة خس و جرجير مغسول وجاهز للأكل 200 جرام,Fruits/Vegetables Fresh Cut,Vegetables - Unprepared/Unprocessed (Fresh)
"120 مصباح LED تحت الخزانة، مصباح LED يعمل بالحركة وقابل لاعادة الشحن وقابل للتعتيم لاسلكي يثبت على شريط اضاءة ليلي للمطبخ وخزانة الملابس والسلالم (قطعة واحدة)",Electrical Lighting,Electrical Lighting
سيبرجر رقائق الموز المجفف 150جرام,Fruits - Unprepared/Unprocessed (Shelf Stable),Cereal/Grain/Pulse Products
Lulu Pure Sunflower Oil 4 Litres,Oils/Fats Edible,Oils/Fats Edible
ULHYC 21V Cordless Multifunctional Drill Driver Set,Tools/Equipment,Tools/Equipment
Osea Frozen Black Berries-400G,Fruits - Unprepared/Unprocessed (Frozen),Fruits - Unprepared/Unprocessed (Frozen)
Noor Sunflower Oil 2.7 Litre,Oils/Fats Edible,Oils/Fats Edible
قميص رياضي حريمي قصير وبدون اكمام من قطن بيما لممارسة التمارين الرياضية واليوغا والجري سي ار زد يوغا,Activewear,Activewear
"Nikai 8 Kg Front Load Washing Machine, Signature Series, Big Chrome Door, Digital Display, Quick Wash, NWM800FN24S",Major Domestic Appliances,Major Domestic Appliances
روبيان مقشر حجم كبير- كغم 1.0,Fish and Seafood,Fish and Seafood
جهاز صدمات ايطالي محمول PRGT,Medical Devices,Medical Devices
كرسي مرافق مريض يدوى,Medical Devices,Healthcare - Medical Devices
"LOMUTY Steel Tongue Drum - 11 Notes 12 inches - Percussion Instrument -Handpan Drum with Bag, Music Book, Mallets, Finger Picks (Green).",Musical Instruments/Accessories,Musical Instruments/Accessories
"HP 15 fd0033nx Laptop With 15.6 Inch Display, Core i5 1334U Processor/8GB RAM/512GB SSD/Intel Iris Xe Graphics/DOS(Without Windows) English/Arabic Silver",Computers/Video Games,Computers/Video Games  >  Computers  >  Laptops  >  Laptops
"Wesoke 80L Camping Hiking Backpack for Men, Extra Large Survival Hunting Backpack, Waterproof Big Molle Military Tactical Rucksack, Oversized Outdoor Sport Travel Daypack for Climbing Touring",Camping,Camping
pack of 2 First Step Plus Pregnancy Test Device,Family Planning,Health Treatments/Aids
Potato Bread-1PCS,Bread/Bakery Products,Bread/Bakery Products
"YOUYUU Mens Swim Shorts, Men's Shorts Breeches Thin Nylon 3/4 Length Trousers Male Board Quick Drying Beach Black Men's Long Shorts (Color : Black, Size : Medium)",Swimwear,Swimwear
سروال بيجامة منسوج للرجال من هانس,Sleepwear,Sleepwear
"لولو سمن نباتي ، 500 مل",Oils/Fats Edible,Oils/Fats Edible
IRaw Almonds,Nuts/Seeds - Unprepared/Unprocessed (In Shell),Nuts/Seeds - Unprepared/Unprocessed (Perishable)
جرجير محلي,Vegetables - Unprepared/Unprocessed (Shelf Stable),Vegetables - Unprepared/Unprocessed (Fresh)
كوكا كولا زجاجة غير قابلة للإرجاع 250 مل,Beverages,Beverages
"3 قطع من نظارات السلامة فوق النظارات من جي اكس بوفد، نظارات سلامة مقاومة للخدش، نظارات مختبر مضادة للضباب، حماية شفافة للعين، نظارات أمان شفافة، نظارات حماية للعين",Protective Wear,Protective Wear
Haritham Roasted Semolina 1 kg,Cereal/Grain/Pulse Products,Cereal/Grain/Pulse Products
"BOMEKS Electrical Tapes, 6 Rolls Insulating Tape Self-Adhesive Electrical Tape Waterproof Tape for Indoor Outdoor, Wrapping Wiring Harness, Auto Electrical Protection, Multicolor",General Electrical Hardware,Electrical Cabling/Wiring
Axe Oil 5 ml,Health Treatments/Aids,Health Treatments/Aids
Runner Bean Best Of All,Vegetables (Non Leaf) - Unprepared/Unprocessed (Fresh),Vegetables - Unprepared/Unprocessed (Fresh)
Prima Chakki Fresh Atta 5 kg,Cereal/Grain/Pulse Products,Cereal/Grain/Pulse Products
سراويل داخلية للرجال من كالفن كلاين (3 قطع),Underwear,Underwear
كيلوجز كورن فليكس 750 جم,Cereal/Grain/Pulse Products,Cereal/Grain/Pulse Products
الكبير ستريبس دجاج زينج حار 750 جم,Meat/Poultry/Other Animals,Meat/Poultry/Other Animals
"QJJML Mini Rice Cooker,24H Timing",Small Domestic Appliances,Cooking Appliances
كلينز بذور الشيا 100% نقية وطبيعية - 1000 جم,Nuts/Seeds - Unprepared/Unprocessed (In Shell),Oils/Fats Edible
مجموعة فرش رسم 26 قطعة من النايلون لفناني الشعر مع بكرة قماش وسكين واسفنجات احترافية للالوان المائية الزيتية وفرشاة رسم بمقبض خشبي للاطفال والكبار من الاكريليك والطلاء الصخري,Arts/Crafts/Needlework Supplies,Arts/Crafts/Needlework Supplies
داتو بوتي خل 1 لتر + داتو بوتي صلصة الصويا 1 لتر,Seasonings/Preservatives/Extracts,Oils/Fats Edible
"Super General 11 Kg Front Load Combo Washer With Built In Heater, 15 Programs, 1400RPM, SILVER, KSGWD11700CMBS| 2 Years Warranty.",Major Domestic Appliances,Major Domestic Appliances
دجاج مجمد ساديا 1.1 كجم,Meat/Poultry/Other Animals,Meat/Poultry/Other Animals
Blueberry Peru 125 g,Fruits - Unprepared/Unprocessed (Fresh),Fruits - Unprepared/Unprocessed (Fresh)
الكبير أصابع السمك المجمدة 300 جم,Fish and Seafood,Fish and Seafood
Almarai Cooking Cream 1 Litre,Milk/Butter/Cream/Yogurts/Cheese/Eggs/Substitutes,Beverages
Barbican Non Alcoholic Malt Beverage Regular 6 x 250 ml,Beverages,Beverages
"مفتاح إضاءة لاسلكي ذكي من توجيباي للتشغيل والإيقاف، تثبيت بدون أسلاك، جهاز تحكم عن بعد لاسلكي ذكي بنطاق 10 متر- 30 متر",Electrical Connection/Distribution,Electrical Lighting
Electric Lighting,Electrical Lighting,Electrical Lighting
Easy Origami: Over 30 Simple Projects!,Arts/Crafts/Needlework Supplies,Arts/Crafts/Needlework Supplies
تفاح أحمر أمريكي 1 كجم,Fruits - Unprepared/Unprocessed (Fresh),Fruits - Unprepared/Unprocessed (Fresh)
"GOODONE2 200-Pcs First Aid Kit Clean, Treat, Protect Minor Cuts, Scrapes. Home, Office, Car, School, Business, Travel, Emergency Kit, Survival, Hunting, Outdoor, Camping & Sports (200-Pcs) Black",Camping,Camping
مسحوق الفلفل الحار الكشميري الشرقي 310 جرام,Seasonings/Preservatives/Extracts,Seasonings/Preservatives/Extracts
Montana Frozen Mixed Vegetables 400 g,Vegetables - Unprepared/Unprocessed (Frozen),Vegetables - Unprepared/Unprocessed (Frozen)
Panadol Extra Tablets 24s,Pharmaceutical Drugs,Health Treatments/Aids
Watermelon Cuts Large-650G,Fruits/Vegetables Fresh Cut,Fruits/Vegetables Fresh Cut
ستارة كشف عيادة متحرك – بارافان ثلاثي,Medical Devices,Healthcare - Medical Devices
Sponge Counting Systems,Medical Devices,Health Treatments/Aids
"سروال سباحة بيلير للرجال من كانو سيرف (مقاسات عادية و ممتدة)، البوليستر",Swimwear,Swimwear
Nestle KitKat 2 Finger 17.7 g,Confectionery/Sugar Sweetening Products,Confectionery/Sugar Sweetening Products
"penypeal L85 Keyboard Stand for Adult Compatible for Yamaha P71//P45/P-125/P-128/P35Keyboard, Wooden, Black",Musical Instruments/Accessories,Musical Instruments/Accessories
رهف زيت دوار الشمس 1.5 لتر,Oils/Fats Edible,Oils/Fats Edible
"مجموعة أدوات حديقة متعددة الألوان من لوازم مكونة من 3 قطع، شوكة يدوية مريحة مقاومة للصدأ ومجرفة ومعول، للمناظر الطبيعية الخارجية والزراعة والحفر وزراعة الأعشاب",Tools/Equipment,Tools/Equipment
"Goody Pineapple Sliced, 567G - Pack Of 1",Fruits - Unprepared/Unprocessed (Shelf Stable),Fruits/Vegetables Fresh Cut
Hindaz Life - Support Compound Feed for Cats and Dogs - 200 ml,Veterinary Healthcare,Pet Food
"MediCaptain Youth Soccer Shin Guard Sleeves with Padded Protection, Includes Youth Shin Guards, Protective Leg Guards, Pre Cut Soccer Sleeves for Kids, Shin Defender",Protective Wear,Protective Wear
"تمبيه (Tempeh) من ""لايت لايف"" (Lightlife) 240 جرام",Meat/Fish/Seafood Substitutes,Meat/Fish/Seafood Substitutes
جهاز قياس ضغط الدم اليدوي,Home Diagnostics,Medical Devices
لولو لحم عجل جاموس صغير مجمد 900 جم,Meat/Poultry/Other Animals,Meat/Poultry/Other Animals
سانديسك فلاش درايف USB كروزر بليد 32 GB,Computers/Video Games,Storage  \
McVitie's Hobnobs Oats Biscuits 255 g,Bread/Bakery Products,Bread/Bakery Products
"ثوب سباحة للرجال جامر مع متانة وقوة من سبيدو، ثوب للكبار موديل USA، البوليستر",Swimwear,Swimwear
STANEW Rotary Tool Kit with Flex Shaft - 102pcs Accessories Variable Speed 130W Electric Drill Set for Grinding Engraving Crafting Projects and DIY C,Arts/Crafts/Needlework Supplies,Arts/Crafts/Needlework Supplies
Noor Sunflower Oil 2 x 1.5 Litres + Frylite Oil 750 ml,Oils/Fats Edible,Oils/Fats Edible
كي دي دي عصير تفاح 180 مل × 6 حبات,Beverages,Beverages
Peeled Pineapple 500g,Fruits/Vegetables Fresh Cut,Fruits - Unprepared/Unprocessed (Fresh)
Sadia Frozen Chicken Griller 1 kg,Meat/Poultry/Other Animals,Meat/Poultry/Other Animals
Women's Satin Negligees Nightgowns Adjustable Spaghetti Strap Nightdress Chemise Nighties V Neck Lingerie Nightshirt Sleepwear M-XXL,Sleepwear,Sleepwear
"JYEFHUIA Camping lounge chair, portable lightweight folding outdoor camping chair with footstool, headrest, cup holder and storage bag, mesh breathable lounge chair, weighing 330 pounds (grey)",Camping,Camping
"Ronnie Coleman Signature Series L Carnitine XS 4000 Liquid, Stimulant Free, Sugar Free, Zero Carbs, Lean Muscle Strength Support for Men & Women, 16 Oz (16 oz, Rainbow Candy (4000))",Health Enhancement,Health Treatments/Aids
Veterinary Formula Clinical Care Antiseptic and Antifungal Medicated Spray - 8 oz,Veterinary Healthcare,Veterinary Healthcare
LuLu USA Pista Roasted Lemon 500 g,Fruits/Vegetables/Nuts/Seeds Prepared/Processed,Oils/Fats Edible
جف زبدة الفول السوداني كرانشي اكسترا 454 جم,Prepared/Preserved Foods,Oils/Fats Edible
مصباح LED للتخييم مع حامل ثلاثي القوائم عمل لصنارة الصيد خيمة خارجي فانوس تخييم ارضي محمول 1680 لومن USB ارتفاع قابل للتعديل للسفر والشواء والطوارئ واصلاح السيارات أسود,Camping,Camping
"بريجناتا اختبار حمل بخطوة واحدة، ميدستريم - 1 قطعة",Family Planning,Health Treatments/Aids
Life Extension Ultra Prostate Formula (60 Softgels),Health Enhancement,Health Treatments/Aids
رويال خضار مشكلة مجمدة 400 جرام,Vegetables - Unprepared/Unprocessed (Frozen),Vegetables - Unprepared/Unprocessed (Frozen)
"سراويل داخلية نحيفة حريمي بحزام من دريس سيسي، سراويل داخلية منخفضة الارتفاع بدون خياطة، عبوة من قطعتين",Underwear,Underwear
"King Tools & Equipment, Inc. 12-inch Locking Pliers, Curved Jaw",Tools/Equipment,Tools/Equipment
Batook Special Mint Chewing Gum 5 x 20 pcs,Confectionery/Sugar Sweetening Products,Confectionery/Sugar Sweetening Products
Sugarloaf,Vegetables - Unprepared/Unprocessed (Fresh),Cereal/Grain/Pulse Products
KRECS Household Items Countertop Blender Vegetable Fruit and Food,Small Domestic Appliances,Small Domestic Appliances
شمس زيت دوار الشمس النقي عرض توفير 2 × 1.5 لتر,Oils/Fats Edible,Oils/Fats Edible
تشوبا تشوبس حلوى صغيره حامضة جيلي الفواكه المختلطة 85.5 جم,Confectionery/Sugar Sweetening Products,Confectionery/Sugar Sweetening Products
جهاز تخطيط القلب 3 قناة 1103L,Medical Devices,Medical Devices
Holsten Mojito Non Alcoholic Malt Beverage 6 x 330 ml,Beverages,Beverages
"Bonsenkitchen - Immersion Blender, 20 Variable Speeds & Turbo",Small Domestic Appliances,Small Domestic Appliances
Pan De Coconut Bread-1PCS,Bread/Bakery Products,Bread/Bakery Products
Montana Peas And Carrot 400g,Vegetables - Unprepared/Unprocessed (Frozen),Vegetables - Unprepared/Unprocessed (Shelf Stable)
"Alsaffan 80W 6A Lipo Battery Balance Charger Discharger for LiPoÃƒÂ¯Ã‚Â¼Ã‚Å’Li-ionÃƒÂ¯Ã‚Â¼Ã‚Å’Li-FeÃƒÂ¯Ã‚Â¼Ã‚Å’LiHV Battery (1-6S), NiMHÃƒÂ¯Ã‚Â¼Ã‚Å’ (1-15S), Rc Hobby Battery Balance Charger, Blue",Electrical Connection/Distribution,Electrical Connection/Distribution
"منقي الهواء من ليفويت للمنزل، فلتر هيبا H13 الهادئ يزيل حبوب اللقاح والجسيمات المسببة للحساسية والغبار والدخان بنسبة 99.97% ومحمول لتتمكن نقله لغرفة النوم مع 3 سرعات، اضاءة ليلية، تذكير لتغيير الفلتر",Small Domestic Appliances,Air Purifiers
ام اند امز شوكولاتة كريسبي 170 جم,Confectionery/Sugar Sweetening Products,Confectionery/Sugar Sweetening Products
Durex Extended Pleasure Condoms,Family Planning,Family Planning
"مجموعة انابيب وتركيبات انابيب كهربائية من بلاستيك PVC من بيلا مكونة من 10 قطع - حل متين ومقاوم للتآكل للاسلاك والكابلات الكهربائية الداخلية والخارجية (مقرن، 20 ملم)",Electrical Cabling/Wiring,Electrical Cabling/Wiring
لولو أرز تايلندي 5 كجم,Cereal/Grain/Pulse Products,Cereal/Grain/Pulse Products
"تمور العجوة من ناليا – عبوة 250ج | عجوة فاخرة من المدينة | خالي من الغلوتين, نباتي, طبيعي وصحي",Fruits - Unprepared/Unprocessed (Shelf Stable),Cereal/Grain/Pulse Products
Grapes Red Globe 500 g,Fruits - Unprepared/Unprocessed (Fresh),Fruits - Unprepared/Unprocessed (Fresh)
بنطلون رياضي ريفال من قماش فليس من اندر ارمور,Activewear,Activewear
لولو زيت طهي خفيف 2 × 1.5 لتر,Oils/Fats Edible,Oils/Fats Edible
مسحوق الكاري الشرقي 125 جرام,Seasonings/Preservatives/Extracts,Seasonings/Preservatives/Extracts
لانسا لايتنغ شريط LED مرن,Electrical Lighting,Electrical Lighting
Beyond Meat 2 Burger Plant-Based Patties 226g,Meat/Fish/Seafood Substitutes,Meat/Poultry/Other Animals
Leaf Vegetables Variety Pack,Vegetables - Unprepared/Unprocessed (Fresh),Vegetables (Non Leaf) - Unprepared/Unprocessed (Fresh)
بيك سولوشن ميزان حرارة رقمي,Home Diagnostics,Healthcare - Medical Devices
DoleÂ Frozen Tropical Gold Pineapple Chunks-400G,Fruits - Unprepared/Unprocessed (Frozen),Fruits - Unprepared/Unprocessed (Frozen)
Walnuts 150g,Nuts/Seeds - Unprepared/Unprocessed (Perishable),Nuts/Seeds - Unprepared/Unprocessed (Perishable)
Goody Vermicelli Nest 250 g,Prepared/Preserved Foods,Cereal/Grain/Pulse Products
عبوة باكدورنز باروكية مغسولة وجاهزة للأكل,Fruits/Vegetables Fresh Cut,Fruits/Vegetables Fresh Cut
"سراويل بدون درز خياطة للنساء، سراويل داخلية نسائية",Underwear,Underwear
Billabong womens Beach Vibes Cover Up Swimwear Cover Up,Swimwear,Swimwear
"رهف زيت دوار الشمس,5 لتر",Oils/Fats Edible,Oils/Fats Edible
Banana Yellow Big 1 kg,Fruits - Unprepared/Unprocessed (Fresh),Fruits - Unprepared/Unprocessed (Fresh)
Philips Air Purifier Series 1000,Small Domestic Appliances,Major Domestic Appliances
بريتانيا 50-50 بسكويت ماسكا شاسكا 71 جم,Bread/Bakery Products,Bread/Bakery Products
جهاز قياس ضغط الدم الإلكتروني YKBP-11,Home Diagnostics,Medical Devices
"ECVVÃƒâ€šÃ‚Â® Electric Air Pump for Mattress & Inflatables, Portable Quick-Fill Pump with 3 Nozzles, Ideal for Camping & Outdoor Use",Camping,Camping
Frozen Cut Green Beans pack ready for cooking-400G,Fruits/Vegetables/Nuts/Seeds Prepared/Processed,Vegetables - Unprepared/Unprocessed (Frozen)
"مقبس تحويل الماني 1 الى 3 مع مفتاح من فولتشاين، مثالي للتعديل الكهربائي يضمن سلامة وكفاءة التوصيلات، ويسهل استخدام الكهرباء",Electrical Connection/Distribution,Electrical Connection/Distribution
Americana Mixed Vegetables Frozen 900 g,Vegetables - Unprepared/Unprocessed (Frozen),Vegetables - Unprepared/Unprocessed (Frozen)
برجر لحم بقري ساديا جامبو 1 كجم,Meat/Poultry/Other Animals,Meat/Poultry/Other Animals
Peanut Butter & Co. White Chocolate Wonderful Peanut Butter 454 g,Prepared/Preserved Foods,Oils/Fats Edible
Manuka Doctor Squeezable Black Forest Honey 500 g,Prepared/Preserved Foods,Beverages
"Paporich 180 PCS High Quality Color Wire Connector, Spring Screw Type, Closed Terminal Wire Connector, Multi-functional Electrical Accessories, for Home Appliances, Automotive Electronics",Electronic Communication Components,Electrical Connection/Distribution
"أورجانيك تراديشنز بذور المشمش العضوية، حبات المشمش المر العضوية، 8 أونصة",Nuts/Seeds - Unprepared/Unprocessed (In Shell),Fruits/Vegetables/Nuts/Seeds Prepared/Processed
Quorn Meatless Mince,Meat/Fish/Seafood Substitutes,Meat/Fish/Seafood Substitutes
"خيمة سهلة التركيب قابلة للفتح تلقائيا مع شنطة حمل من وايزكيز، تتسع من 2 إلى 4 أشخاص، مناسبة للرحلات والتنزه والتخييم",Camping,Camping
مياه شرب معبأة إيفال سعة 1.5 لتر,Beverages,Beverages
نوترابلاست جل وكريم لمنع الحمل للاستعمال مرة واحدة مع علامات الجرعة (عبوة من 15 قطعة) | مغلفة بشكل فردي,Family Planning,Family Planning
شركة مطاحن الدقيق و المخابز الكويتية دقيق دقيق فاخر ٥ كجم,Cereal/Grain/Pulse Products,Cereal/Grain/Pulse Products
"ARROW Double Door REFRIGERATOR 178L 6.4 Cubic feet, White, RO2-280L",Major Domestic Appliances,Major Domestic Appliances
محفظة جلدية رجالي بحزام كومبو من ويلدهورن,Clothing,Accessories
Saudia UHT Whole Milk 12 x 1 Litre,Milk/Butter/Cream/Yogurts/Cheese/Eggs/Substitutes,Milk/Butter/Cream/Yogurts/Cheese/Eggs/Substitutes
Welch Allyn Pocket LED Otoscope,Medical Devices,Medical Devices
"شور ميكروفون صوتي - Sm58-Lce-X، XLR، أحادي الاتجاه، أسود",Musical Instruments/Accessories,Musical Instruments/Accessories
Pepsi Glass Bottles Cola Beverage 250 ml,Beverages,Beverages
Classic Baroque Coleslaw with Cabbage and Carrots Washed and Ready to Eat 325g,Fruits/Vegetables Fresh Cut,Vegetables - Unprepared/Unprocessed (Fresh)
ديزني قميص نوم للبنات بتصميم ميني ماوس مقاس 2-6 سنوات,Sleepwear,Sleepwear
Nagaraya Original Cracker Nuts 160 g,Confectionery/Sugar Sweetening Products,Nuts/Seeds - Unprepared/Unprocessed (Perishable)
لوز محمص مملح 500 جرام,Fruits/Vegetables/Nuts/Seeds Prepared/Processed,Nuts/Seeds - Unprepared/Unprocessed (Perishable)
"نظارات امان بوليفيا، نظارات واقية شفافة للعينين، 3 عبوات من النظارات الشمسية السلامة مع عدسات مضادة للضباب ومقاومة للخدش، نظارات واقية للعمل والمختبر وركوب الدراجات والبناء وطب الأسنان",Protective Wear,Protective Wear
رداء سباحة قصير للنساء من قطعتين ملفوف للشاطئ وتنورة قصيرة ووشاح شيفون لملابس السباحة والعطلات مقاس عالمي ابيض واسود,Swimwear,Swimwear
"Nail Biting Treatment for Kids, Natural Thumb Sucking Pain Relief for Kids, Bitters, Plant Extracts (15ml)",Health Treatments/Aids,Health Treatments/Aids
"Victoria's Secret Cotton Long Pajama Set, Women's Sleepwear (XS-XXL)",Sleepwear,Sleepwear
"مجموعة ادوات مائدة للتخييم مع حافظة، ادوات مائدة للتخييم من الستانلس ستيل محمولة مع اطباق وشوك وملاعق للسفر في الهواء الطلق للمكتب والشواء والنزهات والمشي لمسافات طويلة",Camping,Camping
أونيكوما سماعة رأس K1B للألعاب مزودة بميكروفون,Computers/Video Games,Electronics
لولو حمص أبيض 500جم,Cereal/Grain/Pulse Products,Cereal/Grain/Pulse Products
"Glemgas Glem Gas Cooker Ranges, Silver - AL9612GIFS",Major Domestic Appliances,Major Domestic Appliances
مصباح اضاءة LED 1 واط لعرض المجوهرات,Electrical Lighting,Electrical Lighting
Orange Valencia South Africa 1 kg,Fruits - Unprepared/Unprocessed (Fresh),Fruits - Unprepared/Unprocessed (Fresh)
مجموعة ساعة الكترونية رقمية AT89C2051 تيار مستمر 5 فولت - 12 6 بت وحدة مكون من لوحة PCB للتدريب على اللحام ذاتية الصنع اجزاء في انبوب 12nixie تجميع,Electronic Communication Components,Electrical Cabling/Wiring
العطار كيوي مجفف 250 جرام,Fruits - Unprepared/Unprocessed (Shelf Stable),Fruits - Unprepared/Unprocessed (Shelf Stable)
"Jorunb Large Foldable Table,Portable Camping Table,Picnic Table,Backpacking Table with Storage Waterproof Pocket,for Outdoor BBQ,Cookout,Picnic,Beach 95 * 55 * 50cm",Camping,Camping
مينتوس علكة بيضاء بنكهة توتي فروتي خالية من السكر 54 جم,Confectionery/Sugar Sweetening Products,Confectionery/Sugar Sweetening Products
"Blood Glucose Monitor Kit,Blood Glucose Meter with 50 Strips and Blood Lancets,Portable Blood Sugar Test Kit,Sugar Blood Test Monitor,Coding-free Meter and Large Display Home Blood Sugar Check Machine",Medical Devices,Home Diagnostics
نيكاي موزّع ماء بارد وساخن مُزوّد بثلاجة NWD1206NK أبيض,Major Domestic Appliances,Major Domestic Appliances
Baby Spinach & Rocket Mix - Bundle,Fruits/Vegetables Fresh & Fresh Cut,Vegetables - Unprepared/Unprocessed (Fresh)
Logitech G733 Light Speed Wireless RGB Gaming Headset 51590,Computers/Video Games,Computers/Video Games  >  Video Games  >  Video Games Accessories  >  Head
BMB TOOLS Oil filter Wrench 14 Piece Black,Tools/Equipment,Tools/Equipment
"Sonoff M5-3C-86 SwitchMan 3 Gang Smart Wall Switch, Remote/Voice Control, Share Control, Smart Scene, Countdown Timing, 2.4GHz Wifi, 2200W Max Power, Works with Alexa & Google Home, Dim Grey",General Electrical Hardware,Electrical Connection/Distribution
Puck Cream Can 160 g,Milk/Butter/Cream/Yogurts/Cheese/Eggs/Substitutes,Beverages
"Protector,Professional Solar Energy Auto Darkening Welding Safety Goggles Anti-glare UV Weld Glasses",Protective Wear,Protective Wear
جوز البيكان مع القشرة,Nuts/Seeds - Unprepared/Unprocessed (In Shell),Nuts/Seeds - Unprepared/Unprocessed (In Shell)
Nutella Biscuits Filled With Chocolate & Hazelnut 166 g,Bread/Bakery Products,Bread/Bakery Products
Baby Gender Find Having A Boy Or A Girl As 6 Week Pregnancy,Family Planning,Health Treatments/Aids
Al Gharbi Broad Beans 900 g,Vegetables (Non Leaf) - Unprepared/Unprocessed (Fresh),Cereal/Grain/Pulse Products
24W RGB+CCT LEDs Ceiling Light Supported Wirelessly & BT Double Connected/Voice Control/DIY Customed Lighting Setting/Music Sync/Brightness Speed Adjustable for Living Room Bedroom Study,Electrical Lighting,Electrical Lighting  #
كارفور بازلاء حلوة وجزر 720 مل,Prepared/Preserved Foods,Vegetables - Unprepared/Unprocessed (Shelf Stable)
كلوقز كوكو بوبس شوكو حبوب الإفطار 20% سكر أقل 480 جم,Cereal/Grain/Pulse Products,Cereal/Grain/Pulse Products
باريلا بيستو ألا جينوفيز صلصة البيستو بالريحان 190 جم,Seasonings/Preservatives/Extracts,Seasonings/Preservatives/Extracts
Doriva Boomy Boom Chocolate Assorted 1 kg,Confectionery/Sugar Sweetening Products,Confectionery/Sugar Sweetening Products
"VEGAN Tuna Fish UnMeat 100% PLANT-BASED - Vegetarian Meat Fish-Free (Vegan Tuna Sampler Pouches (3 count - 15oz), in Sunflower Oil, Hot & Spicy & in Water))",Meat/Fish/Seafood Substitutes,Meat/Fish/Seafood Substitutes
"LED Camping Lantern, Portable Solar Light Bulb with 3 Lighting Modes, Battery Powered Emergency Lantern for Power Outages, Camping, Hiking & Indoor Use, 2 Pack",Camping,Camping
"Salter EK2937 Deco Toaster ÃƒÂ¢Ã‚â‚¬Ã‚â€œ 2-Slice Electric Toaster, 7 Variable Browning Levels, Auto-Centring Bread Function, Anti-Jam & Anti-Slip, Defrost/Reheat/Cancel, Removable Crumb Tray, 850 W, Black",Small Domestic Appliances,Major Domestic Appliances
لولو بيوندا,Vegetables - Unprepared/Unprocessed (Shelf Stable),Cereal/Grain/Pulse Products
Denx Drill Driver Kit From Denx 12V,Tools/Equipment,Cereal/Grain/Pulse Products
Nike 3/4 length classic iI sports socks,Underwear,Tools/Equipment
"يوجرين شريط الطاقة 6 في 1 واقي من زيادة التيار قابس تمديد متعدد المنافذ بثلاثة مقابس تيار متردد شاحن سريع USB C بثلاثة منافذ USB، محطة شحن تايب سي ثلاثية المقابس في المملكة المتحدة للمطبخ",Electrical Connection/Distribution,Underwear
"Power Supply Test Cable, Mobile Phone Boot Line Mainboard Testing Cable Mobile Phone Repair Power Cord Special Detection Line for IOS XS XR 8/7/6/5/4 8P 7P 6S 6SP 5S 4S",Electrical Cabling/Wiring,Electrical Connection/Distribution
,,Electrical Connection/Distribution
