Item_name,true_label,prediction,inference_time
Tomoor Safawi Dates 500 g,Food/Beverage|Fruits/Vegetables/Nuts/Seeds Prepared/Processed,Food/Beverage|Fruits/Vegetables/Nuts/Seeds Prepared/Processed,0.3001697063446045
Saudia Tomato Paste 60g,Food/Beverage|Fruits/Vegetables/Nuts/Seeds Prepared/Processed,Food/Beverage|Fruits/Vegetables/Nuts/Seeds Prepared/Processed,0.3001697063446045
Doritos Nacho Cheese Tortilla Chips 12 x 21 g,Food/Beverage|Fruits/Vegetables/Nuts/Seeds Prepared/Processed,Food/Beverage|Prepared/Preserved Foods,0.3001697063446045
LuLu Dates Safawi Madina 500 g,Food/Beverage|Fruits/Vegetables/Nuts/Seeds Prepared/Processed,Food/Beverage|Fruits/Vegetables/Nuts/Seeds Prepared/Processed,0.3001697063446045
LuLu Mushrooms Pieces & Stems Value Pack 3 x 425 g,Food/Beverage|Fruits/Vegetables/Nuts/Seeds Prepared/Processed,Food/Beverage|Vegetables - Unprepared/Unprocessed (Frozen),0.3001697063446045
LuLu Roasted Plain Pista USA 500 g,Food/Beverage|Fruits/Vegetables/Nuts/Seeds Prepared/Processed,Food/Beverage|Fruits/Vegetables/Nuts/Seeds Prepared/Processed,0.2902096748352051
Coconut Powder 500 g,Food/Beverage|Fruits/Vegetables/Nuts/Seeds Prepared/Processed,Food/Beverage|Fruits/Vegetables/Nuts/Seeds Prepared/Processed,0.2902096748352051
Oishi Kirei Yummy Flakes Shrimp Flavor 45 g,Food/Beverage|Fruits/Vegetables/Nuts/Seeds Prepared/Processed,Food/Beverage|Fish and Seafood,0.2902096748352051
Goody Mushrooms Pieces and Stems 400 g,Food/Beverage|Fruits/Vegetables/Nuts/Seeds Prepared/Processed,Food/Beverage|Vegetables - Unprepared/Unprocessed (Frozen),0.2902096748352051
Hazelnut Roasted 500 g,Food/Beverage|Fruits/Vegetables/Nuts/Seeds Prepared/Processed,Food/Beverage|Fruits/Vegetables/Nuts/Seeds Prepared/Processed,0.2902096748352051
Walnut China 500g,Food/Beverage|Fruits/Vegetables/Nuts/Seeds Prepared/Processed,Food/Beverage|Fruits/Vegetables/Nuts/Seeds Prepared/Processed,0.3930140495300293
Macadamia Nuts 250 g,Food/Beverage|Fruits/Vegetables/Nuts/Seeds Prepared/Processed,Food/Beverage|Fruits/Vegetables/Nuts/Seeds Prepared/Processed,0.3930140495300293
Agrofino Organic Black Chia 1 kg,Food/Beverage|Fruits/Vegetables/Nuts/Seeds Prepared/Processed,Food/Beverage|Fruits/Vegetables/Nuts/Seeds Prepared/Processed,0.3930140495300293
Al Huda Ajwa Dates 500 g,Food/Beverage|Fruits/Vegetables/Nuts/Seeds Prepared/Processed,Food/Beverage|Fruits/Vegetables/Nuts/Seeds Prepared/Processed,0.3930140495300293
Al Alali Tomato Paste 8 x 130 g,Food/Beverage|Fruits/Vegetables/Nuts/Seeds Prepared/Processed,Food/Beverage|Fruits/Vegetables/Nuts/Seeds Prepared/Processed,0.3930140495300293
Nada Tomato Paste 8 x 135 g,Food/Beverage|Fruits/Vegetables/Nuts/Seeds Prepared/Processed,Food/Beverage|Fruits/Vegetables/Nuts/Seeds Prepared/Processed,0.2860108852386475
Goody Sieved Tomatoes 700 g,Food/Beverage|Fruits/Vegetables/Nuts/Seeds Prepared/Processed,Food/Beverage|Fruits/Vegetables/Nuts/Seeds Prepared/Processed,0.2860108852386475
Dried Kiwi Slices USA 250 g,Food/Beverage|Fruits/Vegetables/Nuts/Seeds Prepared/Processed,Food/Beverage|Fruits/Vegetables/Nuts/Seeds Prepared/Processed,0.2860108852386475
Premium Ajwa Dates 500 g,Food/Beverage|Fruits/Vegetables/Nuts/Seeds Prepared/Processed,Food/Beverage|Fruits/Vegetables/Nuts/Seeds Prepared/Processed,0.2860108852386475
Looney Tunes Cheese Corn Puffs 12 x 12 g,Food/Beverage|Fruits/Vegetables/Nuts/Seeds Prepared/Processed,Food/Beverage|Cereal/Grain/Pulse Products,0.2860108852386475
Al Kabeer White Fish Fillets 1 kg,Food/Beverage|Fish and Seafood,Food/Beverage|Fish and Seafood,0.2802900314331055
Goody Light Meat Tuna In Sunflower Oil 90 g,Food/Beverage|Fish and Seafood,Food/Beverage|Fish and Seafood,0.2802900314331055
Goody Tenderina Sandwich Tuna Brine Water 80 g,Food/Beverage|Fish and Seafood,Food/Beverage|Fish and Seafood,0.2802900314331055
Goody Tenderina Sandwich Tuna Lemon & Pepper 80 g,Food/Beverage|Fish and Seafood,Food/Beverage|Fish and Seafood,0.2802900314331055
PFP Crab Stick 480 g,Food/Beverage|Fish and Seafood,Food/Beverage|Meat/Fish/Seafood Substitutes,0.2802900314331055
Century Tuna Hot And Spicy 180 g,Food/Beverage|Fish and Seafood,Food/Beverage|Fish and Seafood,0.283995532989502
Goody Light Meat Tuna With Chilli 185 g,Food/Beverage|Fish and Seafood,Food/Beverage|Fish and Seafood,0.283995532989502
Treva Light Meat Tuna In Vegetable Oil 170 g,Food/Beverage|Fish and Seafood,Food/Beverage|Fish and Seafood,0.283995532989502
Asmak Classic White Fish Fillet 1 kg,Food/Beverage|Fish and Seafood,Food/Beverage|Fish and Seafood,0.283995532989502
Americana Zingz Breaded Shrimps 750 g,Food/Beverage|Fish and Seafood,Food/Beverage|Fish and Seafood,0.283995532989502
Goody Light Meat Tuna In Sunflower Oil 185 g,Food/Beverage|Fish and Seafood,Food/Beverage|Fish and Seafood,2.479881238937378
LuLu Light Meat Tuna Solid In Brine 3 x 185 g,Food/Beverage|Fish and Seafood,Food/Beverage|Fish and Seafood,2.479881238937378
Goody Light Meat Tuna in Brine Water 90 g,Food/Beverage|Fish and Seafood,Food/Beverage|Fish and Seafood,2.479881238937378
PFP Fish Tofu 480 g,Food/Beverage|Fish and Seafood,Food/Beverage|Meat/Fish/Seafood Substitutes,2.479881238937378
LuLu Light Meat Tuna Solid In Brine 185 g,Food/Beverage|Fish and Seafood,Food/Beverage|Fish and Seafood,2.479881238937378
Goody Tenderina Sandwich Tuna 80 g,Food/Beverage|Fish and Seafood,Food/Beverage|Fish and Seafood,2.4752273082733156
PFP Frozen Fish Tofu Puff Mushroom 500 g,Food/Beverage|Fish and Seafood,Food/Beverage|Meat/Fish/Seafood Substitutes,2.4752273082733156
LuLu Light Meat Tuna Flakes In Brine 3 x 185 g,Food/Beverage|Fish and Seafood,Food/Beverage|Fish and Seafood,2.4752273082733156
Asmak Shrimps Medium 400 g,Food/Beverage|Fish and Seafood,Food/Beverage|Fish and Seafood,2.4752273082733156
Al Kabeer Frozen Fish Fingers 300 g,Food/Beverage|Fish and Seafood,Food/Beverage|Fish and Seafood,2.4752273082733156
Nestle Full Cream Sweetened Condensed Milk 370 g,Food/Beverage|Milk/Butter/Cream/Yogurts/Cheese/Eggs/Substitutes,Food/Beverage|Milk/Butter/Cream/Yogurts/Cheese/Eggs/Substitutes,2.4902154445648192
Govind Malai Paneer 200 g,Food/Beverage|Milk/Butter/Cream/Yogurts/Cheese/Substitutes,Food/Beverage|Milk/Butter/Cream/Yogurts/Cheese/Eggs/Substitutes,2.4902154445648192
London Dairy Cookies & Cream Ice Cream 1 Litre,Food/Beverage|Milk/Butter/Cream/Yogurts/Cheese/Eggs/Substitutes,Food/Beverage|Milk/Butter/Cream/Yogurts/Cheese/Eggs/Substitutes,2.4902154445648192
KDD Thick Cream 3 x 250 ml,Food/Beverage|Milk/Butter/Cream/Yogurts/Cheese/Eggs/Substitutes,Food/Beverage|Milk/Butter/Cream/Yogurts/Cheese/Eggs/Substitutes,2.4902154445648192
London Dairy Double Chocolate Ice Cream 1 Litre,Food/Beverage|Milk/Butter/Cream/Yogurts/Cheese/Eggs/Substitutes,Food/Beverage|Milk/Butter/Cream/Yogurts/Cheese/Eggs/Substitutes,2.4902154445648192
KDD Chocolate Flavoured Milk 180 ml,Food/Beverage|Milk/Butter/Cream/Yogurts/Cheese/Eggs/Substitutes,Food/Beverage|Beverages,2.4813429355621337
LuLu Milk Powder Pouch 1 .8 kg,Food/Beverage|Milk/Butter/Cream/Yogurts/Cheese/Eggs/Substitutes,Food/Beverage|Milk/Butter/Cream/Yogurts/Cheese/Eggs/Substitutes,2.4813429355621337
Lulu Coconut Cream 3 x 400 ml,Food/Beverage|Milk/Butter/Cream/Yogurts/Cheese/Eggs/Substitutes,Food/Beverage|Milk/Butter/Cream/Yogurts/Cheese/Eggs/Substitutes,2.4813429355621337
Baskin Robbins Jamoca Almond Fudge Ice Cream 1 Litre,Food/Beverage|Milk/Butter/Cream/Yogurts/Cheese/Eggs/Substitutes,Food/Beverage|Confectionery/Sugar Sweetening Products,2.4813429355621337
Almarai Evaporated Milk Original 170 g,Food/Beverage|Milk/Butter/Cream/Yogurts/Cheese/Eggs/Substitutes,Food/Beverage|Milk/Butter/Cream/Yogurts/Cheese/Eggs/Substitutes,2.4813429355621337
Igloo Butterscotch Ice Cream 1 Litre,Food/Beverage|Milk/Butter/Cream/Yogurts/Cheese/Eggs/Substitutes,Food/Beverage|Confectionery/Sugar Sweetening Products,2.488273048400879
London Dairy Vanilla Ice Cream 1 Litre,Food/Beverage|Milk/Butter/Cream/Yogurts/Cheese/Eggs/Substitutes,Food/Beverage|Milk/Butter/Cream/Yogurts/Cheese/Eggs/Substitutes,2.488273048400879
Nada Low Fat Long Life Milk 4 x 1 Litre,Food/Beverage|Milk/Butter/Cream/Yogurts/Cheese/Eggs/Substitutes,Food/Beverage|Milk/Butter/Cream/Yogurts/Cheese/Eggs/Substitutes,2.488273048400879
Nadec Long Life Low Fat Milk 12 x 1 Litre,Food/Beverage|Milk/Butter/Cream/Yogurts/Cheese/Eggs/Substitutes,Food/Beverage|Milk/Butter/Cream/Yogurts/Cheese/Eggs/Substitutes,2.488273048400879
Almarai Milk Full Fat 6 x 200 ml,Food/Beverage|Milk/Butter/Cream/Yogurts/Cheese/Eggs/Substitutes,Food/Beverage|Milk/Butter/Cream/Yogurts/Cheese/Eggs/Substitutes,2.488273048400879
Arla Organic Milk Full Fat 200 ml,Food/Beverage|Milk/Butter/Cream/Yogurts/Cheese/Eggs/Substitutes,Food/Beverage|Milk/Butter/Cream/Yogurts/Cheese/Eggs/Substitutes,2.4790884494781493
Igloo Malai Kulfi Ice Cream 1 Litre,Food/Beverage|Milk/Butter/Cream/Yogurts/Cheese/Eggs/Substitutes,Food/Beverage|Ice Cream,2.4790884494781493
LuLu Vanilla Ice Cream 4 Litres,Food/Beverage|Milk/Butter/Cream/Yogurts/Cheese/Eggs/Substitutes,Food/Beverage|Milk/Butter/Cream/Yogurts/Cheese/Eggs/Substitutes,2.4790884494781493
Almarai Full Fat Cooking Cream 500 ml,Food/Beverage|Milk/Butter/Cream/Yogurts/Cheese/Eggs/Substitutes,Food/Beverage|Milk/Butter/Cream/Yogurts/Cheese/Eggs/Substitutes,2.4790884494781493
Nestle Nido Fortified Milk Powder Rich in Fiber 1.95 kg,Food/Beverage|Milk/Butter/Cream/Yogurts/Cheese/Eggs/Substitutes,Food/Beverage|Milk/Butter/Cream/Yogurts/Cheese/Eggs/Substitutes,2.4790884494781493
LuLu Light Frying Oil 2 x 1.5 Litres,Food/Beverage|Oils/Fats Edible,Food/Beverage|Oils/Fats Edible,2.475218152999878
Baytouti Extra Virgin Olive Oil 500 ml,Food/Beverage|Oils/Fats Edible,Food/Beverage|Oils/Fats Edible,2.475218152999878
Almarai Pure Butter Ghee 2 x 400 g,Food/Beverage|Oils/Fats Edible,Food/Beverage|Milk/Butter/Cream/Yogurts/Cheese/Eggs/Substitutes,2.475218152999878
RKG Pure Ghee 200 ml,Food/Beverage|Oils/Fats Edible,Food/Beverage|Oils/Fats Edible,2.475218152999878
Parachute 100% Pure Coconut Oil 600 ml,Food/Beverage|Oils/Fats Edible,Food/Beverage|Oils/Fats Edible,2.475218152999878
O'Llite Pure Canola Oil Value Pack 2 x 1.5 Litres,Food/Beverage|Oils/Fats Edible,Food/Beverage|Oils/Fats Edible,2.4749669075012206
LuLu Pure Sunflower Oil 5 Litres,Food/Beverage|Oils/Fats Edible,Food/Beverage|Oils/Fats Edible,2.4749669075012206
Nadec Organic Extra Virgin Olive Oil 500 ml,Food/Beverage|Oils/Fats Edible,Food/Beverage|Oils/Fats Edible,2.4749669075012206
Rahma Extra Virgin Olive Oil 500 ml,Food/Beverage|Oils/Fats Edible,Food/Beverage|Oils/Fats Edible,2.4749669075012206
Parachute Organic Virgin Coconut Oil 500 ml,Food/Beverage|Oils/Fats Edible,Food/Beverage|Oils/Fats Edible,2.4749669075012206
Al Jouf Organic Olive Oil 500 ml,Food/Beverage|Oils/Fats Edible,Food/Beverage|Oils/Fats Edible,2.4724507331848145
Olio Sasso Olive Oil 175 ml,Food/Beverage|Oils/Fats Edible,Food/Beverage|Oils/Fats Edible,2.4724507331848145
LuLu Canola Oil 3 Litres,Food/Beverage|Oils/Fats Edible,Food/Beverage|Oils/Fats Edible,2.4724507331848145
Afia Extra Virgin Olive Oil Cold Pressed 1 Litre,Food/Beverage|Oils/Fats Edible,Food/Beverage|Oils/Fats Edible,2.4724507331848145
LuLu Pure Sunflower Oil 2 x 1.5 Litres,Food/Beverage|Oils/Fats Edible,Food/Beverage|Oils/Fats Edible,2.4724507331848145
Almarai Extra Virgin Olive Oil 500 ml,Food/Beverage|Oils/Fats Edible,Food/Beverage|Oils/Fats Edible,2.4709399223327635
Parachute Coconut Oil 200 ml,Food/Beverage|Oils/Fats Edible,Food/Beverage|Oils/Fats Edible,2.4709399223327635
LuLu Pure Sunflower Oil 3 Litres,Food/Beverage|Oils/Fats Edible,Food/Beverage|Oils/Fats Edible,2.4709399223327635
Coopoliva Extra Virgin Olive Oil 500 ml,Food/Beverage|Oils/Fats Edible,Food/Beverage|Oils/Fats Edible,2.4709399223327635
Britannia Cow's Ghee 1 Litre,Food/Beverage|Oils/Fats Edible,Food/Beverage|Milk/Butter/Cream/Yogurts/Cheese/Eggs/Substitutes,2.4709399223327635
LuLu Stevia Sweetener 300 g,Food/Beverage|Confectionery/Sugar Sweetening Products,Food/Beverage|Confectionery/Sugar Sweetening Products,2.4765999794006346
Ferrero Rocher Chocolate 300 g,Food/Beverage|Confectionery/Sugar Sweetening Products,Food/Beverage|Confectionery/Sugar Sweetening Products,2.4765999794006346
Galaxy Flutes Chocolate Twin Fingers 22.5g,Food/Beverage|Confectionery/Sugar Sweetening Products,Food/Beverage|Confectionery/Sugar Sweetening Products,2.4765999794006346
Snickers Chocolate Value Pack 5 x 45 g,Food/Beverage|Confectionery/Sugar Sweetening Products,Food/Beverage|Confectionery/Sugar Sweetening Products,2.4765999794006346
Skittles Fruit 38 g,Food/Beverage|Confectionery/Sugar Sweetening Products,Food/Beverage|Confectionery/Sugar Sweetening Products,2.4765999794006346
Tiffany Break Supa 12 x 30 g,Food/Beverage|Confectionery/Sugar Sweetening Products,Food/Beverage|Beverages,2.469855785369873
Godiva Double Chocolate Bar 35 g,Food/Beverage|Confectionery/Sugar Sweetening Products,Food/Beverage|Confectionery/Sugar Sweetening Products,2.469855785369873
Mentos White Sugar Free Chewing Gum Peppermint Flavour 54 g,Food/Beverage|Confectionery/Sugar Sweetening Products,Food/Beverage|Confectionery/Sugar Sweetening Products,2.469855785369873
Al Osra Sweet & Fit Low Calorie Sweetener 100pcs,Food/Beverage|Confectionery/Sugar Sweetening Products,Food/Beverage|Confectionery/Sugar Sweetening Products,2.469855785369873
McVitie's Digestive Dark Chocolate Biscuit 200 g,Food/Beverage|Confectionery/Sugar Sweetening Products,Food/Beverage|Confectionery/Sugar Sweetening Products,2.469855785369873
Oreo Chocolate Creme Cookies 12 x 36.8 g,Food/Beverage|Confectionery/Sugar Sweetening Products,Food/Beverage|Confectionery/Sugar Sweetening Products,2.573648452758789
Bounty Wafer Rolls 22.5 g,Food/Beverage|Confectionery/Sugar Sweetening Products,Food/Beverage|Bread/Bakery Products,2.573648452758789
Ferrero Kinder Joy Egg Girls 20 g,Food/Beverage|Confectionery/Sugar Sweetening Products,Food/Beverage|Confectionery/Sugar Sweetening Products,2.573648452758789
Nestle KitKat 2 Finger Milk Chocolate Wafer Bar Value Pack 8 pcs,Food/Beverage|Confectionery/Sugar Sweetening Products,Food/Beverage|Confectionery/Sugar Sweetening Products,2.573648452758789
Wrigley's Sugar Free Extra Refreshers Spearmint Flavor Chewing Gum 30pcs 67 g,Food/Beverage|Confectionery/Sugar Sweetening Products,Food/Beverage|Confectionery/Sugar Sweetening Products,2.573648452758789
Choco Lake Twist Milk Chocolate Ball 700 g,Food/Beverage|Confectionery/Sugar Sweetening Products,Food/Beverage|Confectionery/Sugar Sweetening Products,2.4893077850341796
Steviana Low Calorie Sweetener 50 pcs,Food/Beverage|Confectionery/Sugar Sweetening Products,Food/Beverage|Confectionery/Sugar Sweetening Products,2.4893077850341796
Oreo Original Cookies XX Value Pack 24 x 36.8 g,Food/Beverage|Confectionery/Sugar Sweetening Products,Food/Beverage|Confectionery/Sugar Sweetening Products,2.4893077850341796
Relish Cashew Pistachio and Oats Cookies 42 g 12 pcs + 3 pcs,Food/Beverage|Confectionery/Sugar Sweetening Products,Food/Beverage|Confectionery/Sugar Sweetening Products,2.4893077850341796
Britannia Vita Marie Gold Tea Time Biscuits 66 g,Food/Beverage|Confectionery/Sugar Sweetening Products,Food/Beverage|Bread/Bakery Products,2.4893077850341796
Eastern Fish Fry Masala 135 g,Food/Beverage|Seasonings/Preservatives/Extracts,Food/Beverage|Seasonings/Preservatives/Extracts,2.4899280071258545
Kashmiri Chilly Powder 250 g,Food/Beverage|Seasonings/Preservatives/Extracts,Food/Beverage|Seasonings/Preservatives/Extracts,2.4899280071258545
Jufran Hot & Spicy Banana Sauce 560 g,Food/Beverage|Seasonings/Preservatives/Extracts,Food/Beverage|Prepared/Preserved Foods,2.4899280071258545
Eastern Curry Powder 125 g,Food/Beverage|Seasonings/Preservatives/Extracts,Food/Beverage|Seasonings/Preservatives/Extracts,2.4899280071258545
Datu Puti Soy Sauce 385 ml,Food/Beverage|Seasonings/Preservatives/Extracts,Food/Beverage|Seasonings/Preservatives/Extracts,2.4899280071258545
Silver Swan Sukang Puti Vinegar 1 Litre,Food/Beverage|Seasonings/Preservatives/Extracts,Food/Beverage|Seasonings/Preservatives/Extracts,2.4769947052001955
Shan Biriyani Masala 50 g,Food/Beverage|Seasonings/Preservatives/Extracts,Food/Beverage|Seasonings/Preservatives/Extracts,2.4769947052001955
Indofood Mild Sweet Soy Sauce 625 ml,Food/Beverage|Seasonings/Preservatives/Extracts,Food/Beverage|Seasonings/Preservatives/Extracts,2.4769947052001955
Indofood Lampung Chili Sauce 340 ml,Food/Beverage|Seasonings/Preservatives/Extracts,Food/Beverage|Seasonings/Preservatives/Extracts,2.4769947052001955
Datu Puti Vinegar 1 Litre,Food/Beverage|Seasonings/Preservatives/Extracts,Food/Beverage|Seasonings/Preservatives/Extracts,2.4769947052001955
Eastern Kashmiri Chilly Powder 180 g,Food/Beverage|Seasonings/Preservatives/Extracts,Food/Beverage|Seasonings/Preservatives/Extracts,2.478186750411987
Eastern Coriander Powder 400 g,Food/Beverage|Seasonings/Preservatives/Extracts,Food/Beverage|Seasonings/Preservatives/Extracts,2.478186750411987
Eastern Coriander Powder 200 g,Food/Beverage|Seasonings/Preservatives/Extracts,Food/Beverage|Seasonings/Preservatives/Extracts,2.478186750411987
Cloves 100g,Food/Beverage|Seasonings/Preservatives/Extracts,Food/Beverage|Seasonings/Preservatives/Extracts,2.478186750411987
Shan Chicken Tikka Masala Mix 50 g,Food/Beverage|Seasonings/Preservatives/Extracts,Food/Beverage|Prepared/Preserved Foods,2.478186750411987
Chilli Powder 150 g,Food/Beverage|Seasonings/Preservatives/Extracts,Food/Beverage|Seasonings/Preservatives/Extracts,2.4716138362884523
Knorr Original Sinigang Sa Sampalok Mix 44 g,Food/Beverage|Seasonings/Preservatives/Extracts,Food/Beverage|Prepared/Preserved Foods,2.4716138362884523
Mehran Garam Masala Powder 100 g,Food/Beverage|Seasonings/Preservatives/Extracts,Food/Beverage|Seasonings/Preservatives/Extracts,2.4716138362884523
Eastern Turmeric Powder 200 g,Food/Beverage|Seasonings/Preservatives/Extracts,Food/Beverage|Seasonings/Preservatives/Extracts,2.4716138362884523
Eastern Chilli Powder Hottest 180 g,Food/Beverage|Seasonings/Preservatives/Extracts,Food/Beverage|Seasonings/Preservatives/Extracts,2.4716138362884523
Al Kabeer Plain Paratha 400 g,Food/Beverage|Bread/Bakery Products,Food/Beverage|Bread/Bakery Products,2.582547903060913
Tayebat Al Emarat Paratha Plain 5 pcs,Food/Beverage|Bread/Bakery Products,Food/Beverage|Bread/Bakery Products,2.582547903060913
Sunbulah Plain Paratha 400 g,Food/Beverage|Bread/Bakery Products,Food/Beverage|Bread/Bakery Products,2.582547903060913
Switz Samosa Leaves 500 g,Food/Beverage|Bread/Bakery Products,Food/Beverage|Vegetables - Unprepared/Unprocessed (Frozen),2.582547903060913
ID Natural Frozen Malabar Parota Value Pack 3 x 400 g,Food/Beverage|Bread/Bakery Products,Food/Beverage|Vegetables - Unprepared/Unprocessed (Frozen),2.582547903060913
ID Frozen Natural Plain Paratha 3 x 350 g,Food/Beverage|Bread/Bakery Products,Food/Beverage|Bread/Bakery Products,2.475497913360596
LuLu Natural Malabar Paratha 5 pcs 3 x 350 g,Food/Beverage|Bread/Bakery Products,Food/Beverage|Bread/Bakery Products,2.475497913360596
Sunbulah Frozen Baklawa (Filo) 500 g,Food/Beverage|Bread/Bakery Products,Food/Beverage|Confectionery/Sugar Sweetening Products,2.475497913360596
Sunbulah Frozen Onion Paratha 5 pcs 400 g,Food/Beverage|Bread/Bakery Products,Food/Beverage|Vegetables - Unprepared/Unprocessed (Frozen),2.475497913360596
LuLu Chapathi 3 x 400 g,Food/Beverage|Bread/Bakery Products,Food/Beverage|Bread/Bakery Products,2.475497913360596
Sunbulah Puff Pastry Sheets 400 g,Food/Beverage|Bread/Bakery Products,Food/Beverage|Bread/Bakery Products,2.47318639755249
Sunbulah Konafah Dough 500 g,Food/Beverage|Bread/Bakery Products,Food/Beverage|Bread/Bakery Products,2.47318639755249
Al Kabeer Plain Paratha Value Pack 5 pcs 3 x 400 g,Food/Beverage|Bread/Bakery Products,Food/Beverage|Bread/Bakery Products,2.47318639755249
ID Natural Frozen Whole Wheat Malabar Parota Value Pack 3 x 400 g,Food/Beverage|Bread/Bakery Products,Food/Beverage|Bread/Bakery Products,2.47318639755249
Sunbulah Spring Roll Pastry Whole Wheat 20pcs,Food/Beverage|Bread/Bakery Products,Food/Beverage|Bread/Bakery Products,2.47318639755249
Al Kabeer Malabar Paratha 5 pcs 400 g,Food/Beverage|Bread/Bakery Products,Food/Beverage|Bread/Bakery Products,2.46779260635376
Walima Puff Pastry Sheets 400 g,Food/Beverage|Bread/Bakery Products,Food/Beverage|Bread/Bakery Products,2.46779260635376
Forno Bonomi Savoiardi Biscuit 200 g,Food/Beverage|Bread/Bakery Products,Food/Beverage|Bread/Bakery Products,2.46779260635376
Sunbulah Spring Roll Pastry 160 g,Food/Beverage|Bread/Bakery Products,Food/Beverage|Bread/Bakery Products,2.46779260635376
Al Kabeer Frozen Whole Wheat Paratha 5 pcs 400 g,Food/Beverage|Bread/Bakery Products,Food/Beverage|Bread/Bakery Products,2.46779260635376
Dream Whip Whipped Topping Mix (4 Sachets) 144 g,Food/Beverage|Prepared/Preserved Foods,Food/Beverage|Milk/Butter/Cream/Yogurts/Cheese/Eggs/Substitutes,2.489808130264282
Al Kabeer French Fries 1 kg,Food/Beverage|Prepared/Preserved Foods,Food/Beverage|Vegetables - Unprepared/Unprocessed (Frozen),2.489808130264282
LuLu Coconut Milk 400 ml,Food/Beverage|Prepared/Preserved Foods,Food/Beverage|Milk/Butter/Cream/Yogurts/Cheese/Eggs/Substitutes,2.489808130264282
Good Seoul Korean Rice Cake Topokki Carbonara 113 g,Food/Beverage|Prepared/Preserved Foods,Food/Beverage|Prepared/Preserved Foods,2.489808130264282
Eastern Coconut Milk 400 ml,Food/Beverage|Prepared/Preserved Foods,Food/Beverage|Milk/Butter/Cream/Yogurts/Cheese/Eggs/Substitutes,2.489808130264282
Samyang Carbonara Hot Chicken Ramen Cup Stir Fried Noodle 80 g,Food/Beverage|Prepared/Preserved Foods,Food/Beverage|Prepared/Preserved Foods,2.4675206661224367
Peanut Roasted Big 500 g,Food/Beverage|Prepared/Preserved Foods,Food/Beverage|Fruits/Vegetables/Nuts/Seeds Prepared/Processed,2.4675206661224367
Goody Pesto Pasta Sauce 190 g,Food/Beverage|Prepared/Preserved Foods,Food/Beverage|Prepared/Preserved Foods,2.4675206661224367
Betty Crocker Super Moist Cake Mix Orange 500 g,Food/Beverage|Prepared/Preserved Foods,Food/Beverage|Bread/Bakery Products,2.4675206661224367
Faani Banana Chips 200 g,Food/Beverage|Prepared/Preserved Foods,Food/Beverage|Fruits/Vegetables/Nuts/Seeds Prepared/Processed,2.4675206661224367
Ding Dong Hot & Spicy Mixed Nuts 95 g,Food/Beverage|Prepared/Preserved Foods,Food/Beverage|Fruits/Vegetables/Nuts/Seeds Prepared/Processed,2.4810125827789307
Goody Mayonnaise Original 946 ml,Food/Beverage|Prepared/Preserved Foods,Food/Beverage|Oils/Fats Edible,2.4810125827789307
Heinz Creamy Classic Mayonnaise Top Down Squeezy Bottle 400 ml,Food/Beverage|Prepared/Preserved Foods,Food/Beverage|Prepared/Preserved Foods,2.4810125827789307
Rio Mare Salatuna Maize Recipe 2 x 160 g,Food/Beverage|Prepared/Preserved Foods,Food/Beverage|Prepared/Preserved Foods,2.4810125827789307
Peanut Butter & Co. White Chocolate Wonderful Peanut Butter 454 g,Food/Beverage|Prepared/Preserved Foods,Food/Beverage|Confectionery/Sugar Sweetening Products,2.4810125827789307
Alu Bukhara 250 g,Food/Beverage|Prepared/Preserved Foods,Food/Beverage|Prepared/Preserved Foods,2.4823155879974363
Green's Dessert Mix With Caramel Topping Vanilla Flavour 70 g,Food/Beverage|Prepared/Preserved Foods,Food/Beverage|Confectionery/Sugar Sweetening Products,2.4823155879974363
Heinz Creamy Classic Mayonnaise Top Down Squeezy Bottle 225 ml,Food/Beverage|Prepared/Preserved Foods,Food/Beverage|Prepared/Preserved Foods,2.4823155879974363
Pringles XXL Hot & Spicy Chips 200 g,Food/Beverage|Prepared/Preserved Foods,Food/Beverage|Prepared/Preserved Foods,2.4823155879974363
Suree Premium Coconut Cream 400 ml,Food/Beverage|Prepared/Preserved Foods,Food/Beverage|Milk/Butter/Cream/Yogurts/Cheese/Eggs/Substitutes,2.4823155879974363
Pepsi Carbonated Soft Drink Can 30 x 150 ml,Food/Beverage|Beverages,Food/Beverage|Beverages,2.484532117843628
Power Root Alicafe Signature French Roast Instant Coffee 3 in 1 30 x 22 g,Food/Beverage|Beverages,Food/Beverage|Beverages,2.484532117843628
Rhodes Red Grape Juice 1 Litre,Food/Beverage|Beverages,Food/Beverage|Beverages,2.484532117843628
Anchor Full Cream Milk Powder 2.5 kg,Food/Beverage|Beverages,Food/Beverage|Milk/Butter/Cream/Yogurts/Cheese/Eggs/Substitutes,2.484532117843628
Tang Orange Flavoured Drinking Powder 375 g,Food/Beverage|Beverages,Food/Beverage|Beverages,2.484532117843628
Blue Diamond Unsweetened Vanilla Almond Milk 1 Litre,Food/Beverage|Beverages,Food/Beverage|Milk/Butter/Cream/Yogurts/Cheese/Eggs/Substitutes,2.4701438903808595
Tea Break Chai Karak Cardamom 8 x 25g,Food/Beverage|Beverages,Food/Beverage|Beverages,2.4701438903808595
Gatorade Cool Blue Raspberry 495 ml,Food/Beverage|Beverages,Food/Beverage|Beverages,2.4701438903808595
Monster Ultra Energy Drink 250 ml,Food/Beverage|Beverages,Food/Beverage|Beverages,2.4701438903808595
Pepsi Diet Glass Bottles Cola Beverage 24 x 250 ml,Food/Beverage|Beverages,Food/Beverage|Beverages,2.4701438903808595
KDD Pineapple Juice 1 Litre x 4 Pieces,Food/Beverage|Beverages,Food/Beverage|Beverages,2.4666098594665526
Nova Water 200 ml,Food/Beverage|Beverages,Food/Beverage|Beverages,2.4666098594665526
Nescafe Classic Coffee 190 g,Food/Beverage|Beverages,Food/Beverage|Beverages,2.4666098594665526
Morrisons Unsweetened Almond Drink 1 Litre,Food/Beverage|Beverages,Food/Beverage|Milk/Butter/Cream/Yogurts/Cheese/Eggs/Substitutes,2.4666098594665526
Nescafe Gold Coffee 190 g,Food/Beverage|Beverages,Food/Beverage|Beverages,2.4666098594665526
Nescafe Cappuccino 5 x 19.3 g,Food/Beverage|Beverages,Food/Beverage|Beverages,2.462355899810791
Al Rabie Pineapple Juice 1 Litre,Food/Beverage|Beverages,Food/Beverage|Beverages,2.462355899810791
Coca Cola NRB 250 ml,Food/Beverage|Beverages,Food/Beverage|Beverages,2.462355899810791
Almarai Mixed Fruit Drink 18 x 140 ml,Food/Beverage|Beverages,Food/Beverage|Beverages,2.462355899810791
Davidoff Espresso Dark Roast Coffee 100 g,Food/Beverage|Beverages,Food/Beverage|Beverages,2.462355899810791
LuLu Sona Masoori Rice 2 kg,Food/Beverage|Cereal/Grain/Pulse Products,Food/Beverage|Cereal/Grain/Pulse Products,2.478321599960327
Elite Whole Wheat Flour Chakki Atta 2 kg,Food/Beverage|Cereal/Grain/Pulse Products,Food/Beverage|Cereal/Grain/Pulse Products,2.478321599960327
Marvel Avengers Quick Cooking Oats 1 kg,Food/Beverage|Cereal/Grain/Pulse Products,Food/Beverage|Cereal/Grain/Pulse Products,2.478321599960327
Indomie Chicken Curry Noodles 10 x 75 g,Food/Beverage|Cereal/Grain/Pulse Products,Food/Beverage|Prepared/Preserved Foods,2.478321599960327
Sunwhite Calrose Rice 5 kg,Food/Beverage|Cereal/Grain/Pulse Products,Food/Beverage|Cereal/Grain/Pulse Products,2.478321599960327
LuLu Chana Dal 500 g,Food/Beverage|Cereal/Grain/Pulse Products,Food/Beverage|Cereal/Grain/Pulse Products,2.584288215637207
Eastern Puttu Podi 1 kg,Food/Beverage|Cereal/Grain/Pulse Products,Food/Beverage|Seasonings/Preservatives/Extracts,2.584288215637207
Goody Spaghettini 450 g,Food/Beverage|Cereal/Grain/Pulse Products,Food/Beverage|Prepared/Preserved Foods,2.584288215637207
Orlanda Calrose Rice 5 kg,Food/Beverage|Cereal/Grain/Pulse Products,Food/Beverage|Cereal/Grain/Pulse Products,2.584288215637207
LuLu Idly Rice 5 kg,Food/Beverage|Cereal/Grain/Pulse Products,Food/Beverage|Cereal/Grain/Pulse Products,2.584288215637207
LuLu Semolina 1 kg,Food/Beverage|Cereal/Grain/Pulse Products,Food/Beverage|Cereal/Grain/Pulse Products,2.47485032081604
Kellogg's All Bran Flakes Cereal 375 g,Food/Beverage|Cereal/Grain/Pulse Products,Food/Beverage|Cereal/Grain/Pulse Products,2.47485032081604
Annapurna Chakki Whole Wheat Flour 5 kg,Food/Beverage|Cereal/Grain/Pulse Products,Food/Beverage|Cereal/Grain/Pulse Products,2.47485032081604
Nestle Fitness Original Breakfast Cereal 375 g,Food/Beverage|Cereal/Grain/Pulse Products,Food/Beverage|Cereal/Grain/Pulse Products,2.47485032081604
Punjabi Al Muhaidib White Indian Basmati Rice 10 kg,Food/Beverage|Cereal/Grain/Pulse Products,Food/Beverage|Cereal/Grain/Pulse Products,2.47485032081604
Hobe Pancit Canton (Flour Noodles) 227 g,Food/Beverage|Cereal/Grain/Pulse Products,Food/Beverage|Cereal/Grain/Pulse Products,2.467600202560425
LuLu Moong Whole 1 kg,Food/Beverage|Cereal/Grain/Pulse Products,Food/Beverage|Cereal/Grain/Pulse Products,2.467600202560425
Ajmi Steam Made Puttu Podi 1 kg,Food/Beverage|Cereal/Grain/Pulse Products,Food/Beverage|Seasonings/Preservatives/Extracts,2.467600202560425
LuLu US Style Parboiled Rice 5 kg,Food/Beverage|Cereal/Grain/Pulse Products,Food/Beverage|Cereal/Grain/Pulse Products,2.467600202560425
LuLu Jeerakasala Rice 5 kg,Food/Beverage|Cereal/Grain/Pulse Products,Food/Beverage|Cereal/Grain/Pulse Products,2.467600202560425
Al Kabeer Frozen Tender Chicken Breast 1 kg,Food/Beverage|Meat/Poultry/Other Animals,Food/Beverage|Meat/Poultry/Other Animals,2.4740412712097166
Doux Chicken Strips 750 g,Food/Beverage|Meat/Poultry/Other Animals,Food/Beverage|Meat/Poultry/Other Animals,2.4740412712097166
Sadia Beef Burger Arabic Spices 24 pcs 1.344 kg,Food/Beverage|Meat/Poultry/Other Animals,Food/Beverage|Prepared/Preserved Foods,2.4740412712097166
Sadia Crispy Chicken Nuggets 400 g,Food/Beverage|Meat/Poultry/Other Animals,Food/Beverage|Prepared/Preserved Foods,2.4740412712097166
Royal Chicken Strips 750 g,Food/Beverage|Meat/Poultry/Other Animals,Food/Beverage|Meat/Poultry/Other Animals,2.4740412712097166
Sadia Angus Beef Burger 240 g,Food/Beverage|Meat/Poultry/Other Animals,Food/Beverage|Meat/Poultry/Other Animals,2.468621253967285
Al Kabeer Zing Chicken Strips Non Spicy 750 g,Food/Beverage|Meat/Poultry/Other Animals,Food/Beverage|Meat/Poultry/Other Animals,2.468621253967285
Dari Frozen Tender Chicken Breast 2 kg,Food/Beverage|Meat/Poultry/Other Animals,Food/Beverage|Vegetables - Unprepared/Unprocessed (Frozen),2.468621253967285
Seara Chicken Popcorn 750 g,Food/Beverage|Meat/Poultry/Other Animals,Food/Beverage|Meat/Poultry/Other Animals,2.468621253967285
Americana Beef Burger Arabic Spices 24 pcs 1.344 kg,Food/Beverage|Meat/Poultry/Other Animals,Food/Beverage|Seasonings/Preservatives/Extracts,2.468621253967285
Seara Zingzo Hot & Crispy Chicken Fillet 750 g,Food/Beverage|Meat/Poultry/Other Animals,Food/Beverage|Meat/Poultry/Other Animals,2.46946120262146
Sadia Chicken Breast Fillet 750 g,Food/Beverage|Meat/Poultry/Other Animals,Food/Beverage|Meat/Poultry/Other Animals,2.46946120262146
Sadia Chicken Franks 340 g,Food/Beverage|Meat/Poultry/Other Animals,Food/Beverage|Meat/Poultry/Other Animals,2.46946120262146
Seara Frozen Tender Chicken Breast 1 kg,Food/Beverage|Meat/Poultry/Other Animals,Food/Beverage|Meat/Poultry/Other Animals,2.46946120262146
Seara Chicken Strips 750 g,Food/Beverage|Meat/Poultry/Other Animals,Food/Beverage|Meat/Poultry/Other Animals,2.46946120262146
Sadia Frozen Chicken Griller 900 g,Food/Beverage|Meat/Poultry/Other Animals,Food/Beverage|Meat/Poultry/Other Animals,2.4977951049804688
Al Kabeer Chicken & Cheese Sticks 250 g,Food/Beverage|Meat/Poultry/Other Animals,Food/Beverage|Meat/Poultry/Other Animals,2.4977951049804688
Seara Chicken Popcorn 350 g,Food/Beverage|Meat/Poultry/Other Animals,Food/Beverage|Meat/Poultry/Other Animals,2.4977951049804688
Sadia Frozen Whole Chicken Griller 1.2 kg,Food/Beverage|Meat/Poultry/Other Animals,Food/Beverage|Meat/Poultry/Other Animals,2.4977951049804688
Al Kabeer Frozen Beef Kibbeh 400 g,Food/Beverage|Meat/Poultry/Other Animals,Food/Beverage|Prepared/Preserved Foods,2.4977951049804688
Sadia Potato Wedges 750 g,Food/Beverage|Vegetables - Unprepared/Unprocessed (Frozen),Food/Beverage|Vegetables - Unprepared/Unprocessed (Frozen),2.4937344074249266
Sunbulah Garden Peas 400 g,Food/Beverage|Vegetables - Unprepared/Unprocessed (Frozen),Food/Beverage|Vegetables - Unprepared/Unprocessed (Frozen),2.4937344074249266
Americana Fresh Frozen Mixed Vegetables 450 g,Food/Beverage|Vegetables - Unprepared/Unprocessed (Frozen),Food/Beverage|Vegetables - Unprepared/Unprocessed (Frozen),2.4937344074249266
Sadia Sweet Corn 900 g,Food/Beverage|Vegetables - Unprepared/Unprocessed (Frozen),Food/Beverage|Vegetables - Unprepared/Unprocessed (Frozen),2.4937344074249266
Montana Peas & Carrots 400 g,Food/Beverage|Vegetables - Unprepared/Unprocessed (Frozen),Food/Beverage|Vegetables - Unprepared/Unprocessed (Frozen),2.4937344074249266
Al Kabeer Sweet Corn 400 g,Food/Beverage|Vegetables - Unprepared/Unprocessed (Frozen),Food/Beverage|Vegetables - Unprepared/Unprocessed (Frozen),2.4868290424346924
Sadia French Fries 1 kg,Food/Beverage|Vegetables - Unprepared/Unprocessed (Frozen),Food/Beverage|Vegetables - Unprepared/Unprocessed (Frozen),2.4868290424346924
Sadia French Fries 2.5 kg,Food/Beverage|Vegetables - Unprepared/Unprocessed (Frozen),Food/Beverage|Vegetables - Unprepared/Unprocessed (Frozen),2.4868290424346924
Sunbulah Frozen Mixed Vegetable 800 g,Food/Beverage|Vegetables - Unprepared/Unprocessed (Frozen),Food/Beverage|Vegetables - Unprepared/Unprocessed (Frozen),2.4868290424346924
Montana Frozen Mixed Vegetables 400 g,Food/Beverage|Vegetables - Unprepared/Unprocessed (Frozen),Food/Beverage|Vegetables - Unprepared/Unprocessed (Frozen),2.4868290424346924
Sunbulah Frozen Peas & Carrots 800 g,Food/Beverage|Vegetables - Unprepared/Unprocessed (Frozen),Food/Beverage|Vegetables - Unprepared/Unprocessed (Frozen),2.5749311447143555
Sunbulah Garden Peas 800 g,Food/Beverage|Vegetables - Unprepared/Unprocessed (Frozen),Food/Beverage|Vegetables - Unprepared/Unprocessed (Frozen),2.5749311447143555
Al Kabeer Green Peas 400 g,Food/Beverage|Vegetables - Unprepared/Unprocessed (Frozen),Food/Beverage|Vegetables - Unprepared/Unprocessed (Frozen),2.5749311447143555
Dari Frozen Molokhia 400 g,Food/Beverage|Vegetables - Unprepared/Unprocessed (Frozen),Food/Beverage|Vegetables - Unprepared/Unprocessed (Frozen),2.5749311447143555
Al Kabeer Mixed Vegetables with Corn 400 g,Food/Beverage|Vegetables - Unprepared/Unprocessed (Frozen),Food/Beverage|Vegetables - Unprepared/Unprocessed (Frozen),2.5749311447143555
Lamb Weston Crunchy Seasoned Twister 750 g,Food/Beverage|Vegetables - Unprepared/Unprocessed (Frozen),Food/Beverage|Vegetables - Unprepared/Unprocessed (Frozen),2.4965160846710206
Sunbulah Frozen Chopped Green Spinach 400 g,Food/Beverage|Vegetables - Unprepared/Unprocessed (Frozen),Food/Beverage|Vegetables - Unprepared/Unprocessed (Frozen),2.4965160846710206
Sunbulah Peas & Carrots 450 g,Food/Beverage|Vegetables - Unprepared/Unprocessed (Frozen),Food/Beverage|Vegetables - Unprepared/Unprocessed (Frozen),2.4965160846710206
Sunbulah Frozen Cut Green Beans 800 g,Food/Beverage|Vegetables - Unprepared/Unprocessed (Frozen),Food/Beverage|Vegetables - Unprepared/Unprocessed (Frozen),2.4965160846710206
Sunbulah Broad Beans 800 g,Food/Beverage|Vegetables - Unprepared/Unprocessed (Frozen),Food/Beverage|Cereal/Grain/Pulse Products,2.4965160846710206
Oumph! The Chunk (Soy-Based Chunks),Food/Beverage|Meat/Fish/Seafood Substitutes,Food/Beverage|Meat/Fish/Seafood Substitutes,2.4704479694366457
Amy's Organic California Veggie Burger,Food/Beverage|Meat/Fish/Seafood Substitutes,Food/Beverage|Meat/Fish/Seafood Substitutes,2.4704479694366457
Good Catch Plant-Based Tuna,Food/Beverage|Meat/Fish/Seafood Substitutes,Food/Beverage|Meat/Fish/Seafood Substitutes,2.4704479694366457
Sunfed Meats Chicken Free Chicken,Food/Beverage|Meat/Fish/Seafood Substitutes,Food/Beverage|Meat/Fish/Seafood Substitutes,2.4704479694366457
Impossible Foods Plant-Based Burger Patties,Food/Beverage|Meat/Fish/Seafood Substitutes,Food/Beverage|Meat/Poultry/Other Animals,2.4704479694366457
Lightlife Smart Dogs Plant-Based Hot Dogs,Food/Beverage|Meat/Fish/Seafood Substitutes,Food/Beverage|Meat/Poultry/Other Animals,2.5121506214141847
Fortune Tau Kwa 450 g,Food/Beverage|Meat/Fish/Seafood Substitutes,Food/Beverage|Prepared/Preserved Foods,2.5121506214141847
Quorn Meatless Nuggets,Food/Beverage|Meat/Fish/Seafood Substitutes,Food/Beverage|Meat/Fish/Seafood Substitutes,2.5121506214141847
Field Roast Vegan Frankfurters,Food/Beverage|Meat/Fish/Seafood Substitutes,Food/Beverage|Meat/Poultry/Other Animals,2.5121506214141847
Tofurky Plant-Based Deli Slices,Food/Beverage|Meat/Fish/Seafood Substitutes,Food/Beverage|Meat/Poultry/Other Animals,2.5121506214141847
Heura Plant-Based Chicken Chunks,Food/Beverage|Meat/Fish/Seafood Substitutes,Food/Beverage|Meat/Fish/Seafood Substitutes,2.4684614181518554
Linda McCartney's Vegetarian Sausages,Food/Beverage|Meat/Fish/Seafood Substitutes,Food/Beverage|Meat/Fish/Seafood Substitutes,2.4684614181518554
Dr. Schar Fish Fingers (Gluten-Free),Food/Beverage|Meat/Fish/Seafood Substitutes,Food/Beverage|Fish and Seafood,2.4684614181518554
Beyond Meat Plant-Based Burger Patties,Food/Beverage|Meat/Fish/Seafood Substitutes,Food/Beverage|Meat/Poultry/Other Animals,2.4684614181518554
Vivera Plant-Based Steak,Food/Beverage|Meat/Fish/Seafood Substitutes,Food/Beverage|Meat/Fish/Seafood Substitutes,2.4684614181518554
MorningStar Farms Veggie Sausage Patties,Food/Beverage|Meat/Fish/Seafood Substitutes,Food/Beverage|Meat/Fish/Seafood Substitutes,2.4691287994384767
Dr. Praeger's Black Bean Veggie Burgers,Food/Beverage|Meat/Fish/Seafood Substitutes,Food/Beverage|Meat/Fish/Seafood Substitutes,2.4691287994384767
Naturli' Minced Plant-Based Meat,Food/Beverage|Meat/Fish/Seafood Substitutes,Food/Beverage|Meat/Fish/Seafood Substitutes,2.4691287994384767
Sophie’s Kitchen Vegan Smoked Salmon,Food/Beverage|Meat/Fish/Seafood Substitutes,Food/Beverage|Meat/Fish/Seafood Substitutes,2.4691287994384767
Gardein Fishless Filets,Food/Beverage|Meat/Fish/Seafood Substitutes,Food/Beverage|Meat/Fish/Seafood Substitutes,2.4691287994384767
Moov Rapid Relief Spray 150 ml,Healthcare|Health Treatments/Aids,Healthcare|Health Treatments/Aids,2.4784530639648437
Axe Oil 56 ml,Healthcare|Health Treatments/Aids,Food/Beverage|Oils/Fats Edible,2.4784530639648437
Deep Heat Spray 150 ml,Healthcare|Health Treatments/Aids,Healthcare|Health Treatments/Aids,2.4784530639648437
Gold Medal Medicated Oil 10 ml,Healthcare|Health Treatments/Aids,Healthcare|Health Treatments/Aids,2.4784530639648437
Axe Oil 14 ml,Healthcare|Health Treatments/Aids,Food/Beverage|Oils/Fats Edible,2.4784530639648437
Axe Oil 5 ml,Healthcare|Health Treatments/Aids,Food/Beverage|Oils/Fats Edible,2.4648815631866454
Omega Pain Killer Liniment 60 ml,Healthcare|Health Treatments/Aids,Healthcare|Health Treatments/Aids,2.4648815631866454
Radian Massage Cream 100 g,Healthcare|Health Treatments/Aids,Healthcare|Health Treatments/Aids,2.4648815631866454
Axe Oil 10 ml,Healthcare|Health Treatments/Aids,Food/Beverage|Oils/Fats Edible,2.4648815631866454
Vicks Baby Rub 50 g,Healthcare|Health Treatments/Aids,Healthcare|Health Treatments/Aids,2.4648815631866454
Deep Heat Rub 67 g,Healthcare|Health Treatments/Aids,Healthcare|Health Treatments/Aids,2.467442846298218
Moov Pain Relieving Rub 100 g,Healthcare|Health Treatments/Aids,Healthcare|Health Treatments/Aids,2.467442846298218
Radian Massage Cream 40 g,Healthcare|Health Treatments/Aids,Healthcare|Health Treatments/Aids,2.467442846298218
Vicks Inhaler 1 pc,Healthcare|Health Treatments/Aids,Healthcare|Health Treatments/Aids,2.467442846298218
Nicorette 2mg Gum 105s,Healthcare|Health Treatments/Aids,Healthcare|Health Treatments/Aids,2.467442846298218
Eagle Muscular Balm 20 g,Healthcare|Health Treatments/Aids,Healthcare|Health Treatments/Aids,2.4692142009735107
Sloan's Liniment Kills Pain 60 ml,Healthcare|Health Treatments/Aids,Healthcare|Health Treatments/Aids,2.4692142009735107
Axe Oil 3 ml,Healthcare|Health Treatments/Aids,Food/Beverage|Oils/Fats Edible,2.4692142009735107
Axe Oil 28 ml,Healthcare|Health Treatments/Aids,Food/Beverage|Oils/Fats Edible,2.4692142009735107
Genuine Efficascent Oil 100 ml,Healthcare|Health Treatments/Aids,Healthcare|Health Treatments/Aids,2.4692142009735107
Cristiano Ronaldo CR7 Play It Cool Fragrance Body Spray for Men 150 ml,Healthcare|Health Enhancement,Clothing|Activewear,2.461450481414795
Guess Seductive Blue Eau De Toilette for Men 100ml,Healthcare|Health Enhancement,Clothing|Clothing,2.461450481414795
"Flormar Jelly Look Nail Enamel, Coffee with Milk, JL31",Healthcare|Health Enhancement,Clothing|Clothing,2.461450481414795
Sofy Panty Liner Clean & Pure Unscented 40pcs 2+1,Healthcare|Health Enhancement,Healthcare|Health Treatments/Aids,2.461450481414795
Benetton Cold Silver Eau De Toilette For Men 100ml,Healthcare|Health Enhancement,Clothing|Clothing,2.461450481414795
LuLu Handwash Premium Assorted 2 x 500 ml,Healthcare|Health Enhancement,Healthcare|Health Treatments/Aids,2.4652493476867674
Flormar Classic Nail Enamel - 320 Rose Taboo 1pc,Healthcare|Health Enhancement,Clothing|Clothing,2.4652493476867674
Calvin Klein One Shock Eau de Toilette for Women 100 ml,Healthcare|Health Enhancement,Clothing|Underwear,2.4652493476867674
Portfolio I Am Legend Luxury Fragrance Mist For Men 250ml,Healthcare|Health Enhancement,Clothing|Clothing,2.4652493476867674
Neutrogena Facial Wash Deep Clean Gel 200 ml,Healthcare|Health Enhancement,Healthcare|Health Treatments/Aids,2.4652493476867674
Eskinol Papaya Smooth White Deep Facial Cleanser 225 ml,Healthcare|Health Enhancement,Healthcare|Health Treatments/Aids,2.4678454399108887
Calvin Klein One Shock Eau de Toilette for Women 200 ml,Healthcare|Health Enhancement,Clothing|Underwear,2.4678454399108887
Flormar Silk Matte Liquid Lipstick 11 Misty Rosy 1pc,Healthcare|Health Enhancement,Clothing|Clothing,2.4678454399108887
Crest 3D White Whitelock Micropolishers Charcoal With Fresh Mint Toothpaste 88 ml,Healthcare|Health Enhancement,Healthcare|Health Treatments/Aids,2.4678454399108887
Glow & Lovely Face Cream Advanced Multi-Vitamin SPF 30 + Vita Glow 100 g,Healthcare|Health Enhancement,Healthcare|Health Enhancement,2.4678454399108887
Clear Men 3in1 Active Fresh Shampoo Body & Face Wash 400 ml,Healthcare|Health Enhancement,Healthcare|Health Treatments/Aids,2.466951322555542
Himalaya Mint Fresh Herbal Toothpaste 3 x 125 g,Healthcare|Health Enhancement,Healthcare|Health Treatments/Aids,2.466951322555542
The Voice EDT Gold Edition Men 100ml,Healthcare|Health Enhancement,Clothing|Clothing,2.466951322555542
Guess EDP Marciano Women 100ml,Healthcare|Health Enhancement,Clothing|Clothing,2.466951322555542
Gillette Mach3 Razor Blade Refills 8 pcs,Healthcare|Health Enhancement,Healthcare|Health Treatments/Aids,2.466951322555542
Blood Pressure Monitoring Kit,Healthcare|Healthcare Variety Packs,Healthcare|Medical Devices,2.4674206733703614
Essential Baby Healthcare Set,Healthcare|Healthcare Variety Packs,Healthcare|Health Treatments/Aids,2.4674206733703614
"Cristiano Ronaldo 7 Origins Gift Set Eau de Toilette For Men,100 ml + Body Spray 150 ml + Shower Gel 150 ml",Healthcare|Healthcare Variety Packs,Clothing|Activewear,2.4674206733703614
Boots Complete Healthcare Pack,Healthcare|Healthcare Variety Packs,Healthcare|Healthcare Variety Packs,2.4674206733703614
Home First Aid Box,Healthcare|Healthcare Variety Packs,Healthcare|Health Treatments/Aids,2.4674206733703614
Dettol Antiseptic Liquid 500ml,Healthcare|Healthcare Variety Packs,Healthcare|Health Treatments/Aids,2.558860969543457
Advanced Wound Healing Kit,Healthcare|Healthcare Variety Packs,Healthcare|Medical Devices,2.558860969543457
Newborn Baby Care Kit,Healthcare|Healthcare Variety Packs,Healthcare|Health Treatments/Aids,2.558860969543457
Travel Health Kit,Healthcare|Healthcare Variety Packs,Healthcare|Health Treatments/Aids,2.558860969543457
Cristiano Ronaldo CR7 Game On EDT Gift Set for Men 100ml + Shower Gel 150ml + Body Spray 150ml,Healthcare|Healthcare Variety Packs,Clothing|Activewear,2.558860969543457
Pain Management Combo Pack,Healthcare|Healthcare Variety Packs,Healthcare|Health Treatments/Aids,2.468259859085083
Diabetes Management Pack,Healthcare|Healthcare Variety Packs,Healthcare|Health Treatments/Aids,2.468259859085083
Family First Aid Pack,Healthcare|Healthcare Variety Packs,Healthcare|Health Treatments/Aids,2.468259859085083
Respiratory Care Kit,Healthcare|Healthcare Variety Packs,Healthcare|Health Treatments/Aids,2.468259859085083
Hospital Stay Essentials Pack,Healthcare|Healthcare Variety Packs,Healthcare|Healthcare Variety Packs,2.468259859085083
Basic Wound Care Kit,Healthcare|Healthcare Variety Packs,Healthcare|Health Treatments/Aids,2.462498903274536
Allergy Relief Variety Pack,Healthcare|Healthcare Variety Packs,Healthcare|Healthcare Variety Packs,2.462498903274536
Emergency Medical Kit,Healthcare|Healthcare Variety Packs,Healthcare|Health Treatments/Aids,2.462498903274536
Daily Wellness Essentials,Healthcare|Healthcare Variety Packs,Healthcare|Health Enhancement,2.462498903274536
Post-Surgery Recovery Pack,Healthcare|Healthcare Variety Packs,Healthcare|Health Treatments/Aids,2.462498903274536
Omron Nebulizer C28P,Healthcare|Medical Devices,Healthcare|Medical Devices,2.458774995803833
Welch Allyn Pocket LED Otoscope,Healthcare|Medical Devices,Healthcare|Medical Devices,2.458774995803833
Omron E3 Intense Pain Reliever,Healthcare|Medical Devices,Healthcare|Pharmaceutical Drugs,2.458774995803833
TensCare Perfect TENS Machine,Healthcare|Medical Devices,Healthcare|Medical Devices,2.458774995803833
Accu-Chek Active Glucose Meter,Healthcare|Medical Devices,Healthcare|Medical Devices,2.458774995803833
Omron C102 Total 2-in-1 Nebulizer & Nasal Shower,Healthcare|Medical Devices,Healthcare|Medical Devices,2.4634209632873536
Omron M2 Basic Blood Pressure Monitor,Healthcare|Medical Devices,Healthcare|Medical Devices,2.4634209632873536
Omron Digital Thermometer MC-343F,Healthcare|Medical Devices,Healthcare|Medical Devices,2.4634209632873536
Omron M2 Basic Blood Pressure Monitor,Healthcare|Medical Devices,Healthcare|Medical Devices,2.4634209632873536
Omron Wrist Blood Pressure Monitor RS2,Healthcare|Medical Devices,Healthcare|Medical Devices,2.4634209632873536
Omron CompAir C801 Nebulizer,Healthcare|Medical Devices,Healthcare|Medical Devices,2.4588060855865477
iHealth No-Touch Forehead Thermometer,Healthcare|Medical Devices,Healthcare|Medical Devices,2.4588060855865477
Beurer BM27 Upper Arm Blood Pressure Monitor,Healthcare|Medical Devices,Healthcare|Medical Devices,2.4588060855865477
3M Littmann Classic III Stethoscope,Healthcare|Medical Devices,Healthcare|Medical Devices,2.4588060855865477
Omron HeatTens Pain Reliever,Healthcare|Medical Devices,Healthcare|Health Treatments/Aids,2.4588060855865477
Philips Respironics InnoSpire Essence Nebulizer,Healthcare|Medical Devices,Healthcare|Medical Devices,2.4561916828155517
Beurer FT65 Multi-Functional Thermometer,Healthcare|Medical Devices,Healthcare|Medical Devices,2.4561916828155517
Braun ThermoScan 7 Ear Thermometer,Healthcare|Medical Devices,Healthcare|Medical Devices,2.4561916828155517
Beurer PO30 Pulse Oximeter,Healthcare|Medical Devices,Healthcare|Medical Devices,2.4561916828155517
Rossmax Finger Pulse Oximeter SB100,Healthcare|Medical Devices,Healthcare|Medical Devices,2.4561916828155517
Chloraseptic Sore Throat Spray 15ml,Healthcare|Pharmaceutical Drugs,Healthcare|Health Treatments/Aids,2.465366077423096
Panadol Advance 24 Tablets,Healthcare|Pharmaceutical Drugs,Healthcare|Pharmaceutical Drugs,2.465366077423096
Vicks Cough Syrup 100ml,Healthcare|Pharmaceutical Drugs,Healthcare|Health Treatments/Aids,2.465366077423096
Gaviscon Double Action Tablets 24s,Healthcare|Pharmaceutical Drugs,Healthcare|Health Treatments/Aids,2.465366077423096
Paracetamol 500mg Tablets 24s,Healthcare|Pharmaceutical Drugs,Healthcare|Pharmaceutical Drugs,2.465366077423096
Flutab Tablet 20 Pcs,Healthcare|Pharmaceutical Drugs,Healthcare|Pharmaceutical Drugs,2.4659876346588137
Benadryl Allergy Relief Capsules 12s,Healthcare|Pharmaceutical Drugs,Healthcare|Pharmaceutical Drugs,2.4659876346588137
Strepsils Honey & Lemon Lozenges 24s,Healthcare|Pharmaceutical Drugs,Healthcare|Health Treatments/Aids,2.4659876346588137
Boots Sleepeaze Tablets 20s,Healthcare|Pharmaceutical Drugs,Healthcare|Health Treatments/Aids,2.4659876346588137
Nurofen Cold & Flu Tablets 16s,Healthcare|Pharmaceutical Drugs,Healthcare|Pharmaceutical Drugs,2.4659876346588137
Gaviscon Double Action Tablets 24s,Healthcare|Pharmaceutical Drugs,Healthcare|Health Treatments/Aids,2.459490442276001
Calpol Infant Suspension 100ml,Healthcare|Pharmaceutical Drugs,Healthcare|Health Treatments/Aids,2.459490442276001
Rennie Peppermint Tablets 48s,Healthcare|Pharmaceutical Drugs,Healthcare|Health Treatments/Aids,2.459490442276001
Dulcolax Tablets 30s,Healthcare|Pharmaceutical Drugs,Healthcare|Pharmaceutical Drugs,2.459490442276001
Otrivin Adult Nasal Spray 10ml,Healthcare|Pharmaceutical Drugs,Healthcare|Health Treatments/Aids,2.459490442276001
Boots Sleepeaze Tablets 20s,Healthcare|Pharmaceutical Drugs,Healthcare|Health Treatments/Aids,2.462036371231079
Flutab Tablet 20 Pcs,Healthcare|Pharmaceutical Drugs,Healthcare|Pharmaceutical Drugs,2.462036371231079
Ibuprofen 200mg Tablets 16s,Healthcare|Pharmaceutical Drugs,Healthcare|Pharmaceutical Drugs,2.462036371231079
Lemsip Max Cold & Flu Sachets 10s,Healthcare|Pharmaceutical Drugs,Healthcare|Health Treatments/Aids,2.462036371231079
Gaviscon Liquid 200ml,Healthcare|Pharmaceutical Drugs,Healthcare|Health Treatments/Aids,2.462036371231079
Selovit E 10% Oral Solution,Healthcare|Veterinary Healthcare,Healthcare|Pharmaceutical Drugs,2.4685151100158693
Vitamin C 100% Water Soluble Powder,Healthcare|Veterinary Healthcare,Healthcare|Health Enhancement,2.4685151100158693
Amino-Vit Oral Solution,Healthcare|Veterinary Healthcare,Healthcare|Health Enhancement,2.4685151100158693
ZINC CARE Ointment,Healthcare|Veterinary Healthcare,Healthcare|Health Treatments/Aids,2.4685151100158693
Supervitamix – Plus Water Soluble Powder,Healthcare|Veterinary Healthcare,Healthcare|Health Enhancement,2.4685151100158693
Lincospect Water,Healthcare|Veterinary Healthcare,Food/Beverage|Beverages,2.5591362953186034
Mange Care Ointment,Healthcare|Veterinary Healthcare,Healthcare|Health Treatments/Aids,2.5591362953186034
Wound Cure Powder,Healthcare|Veterinary Healthcare,Healthcare|Health Treatments/Aids,2.5591362953186034
Erythromycin Water,Healthcare|Veterinary Healthcare,Healthcare|Pharmaceutical Drugs,2.5591362953186034
Muco-CURE 1% Oral,Healthcare|Veterinary Healthcare,Healthcare|Health Treatments/Aids,2.5591362953186034
Pharma Uro-Diuretic Water,Healthcare|Veterinary Healthcare,Healthcare|Pharmaceutical Drugs,2.465147876739502
Vitamin AD3E 100 Oral Solution,Healthcare|Veterinary Healthcare,Healthcare|Health Enhancement,2.465147876739502
Hepator Liquid Solution,Healthcare|Veterinary Healthcare,Healthcare|Health Treatments/Aids,2.465147876739502
Odoroid Ointment,Healthcare|Veterinary Healthcare,Healthcare|Health Treatments/Aids,2.465147876739502
Naturalax Liquid Solution,Healthcare|Veterinary Healthcare,Healthcare|Health Treatments/Aids,2.465147876739502
Selovit E Water Soluble Powder,Healthcare|Veterinary Healthcare,Food/Beverage|Seasonings/Preservatives/Extracts,2.4754893302917482
Mectin Oral,Healthcare|Veterinary Healthcare,Healthcare|Pharmaceutical Drugs,2.4754893302917482
SELOVIT E 5% Oral Solution,Healthcare|Veterinary Healthcare,Healthcare|Pharmaceutical Drugs,2.4754893302917482
VIT K3-B COMPLEX Plus,Healthcare|Veterinary Healthcare,Healthcare|Health Enhancement,2.4754893302917482
ASPO C Water,Healthcare|Veterinary Healthcare,Food/Beverage|Beverages,2.4754893302917482
womens French Terry Zip Hoodie - Solid Hooded Sweatshirt (pack of 5),Clothing|Clothing,Clothing|Activewear,2.46350736618042
womens two piece sequins jacket dress Formal Dress,Clothing|Clothing,Clothing|Formal Dress,2.46350736618042
"Goodern Women Muslim Hijab,Solid Color Scarf with Cap Instant Hijab Long Scarf Wrap Scarves Head Scarf,Adjustable Baseball Cap with Long Bubble Chiffon Scarf,Hat & Shawl All in One with Pearl Pins",Clothing|Clothing,Clothing|Clothing,2.46350736618042
Women's Linen Tracksuit Set Casua Loose Solid Color Half Sleeve Cotton Linen Shirt & Pants 2 Piece Set White M,Clothing|Clothing,Clothing|Activewear,2.46350736618042
Women's Stretch Lounge Sweatpants Travel Ankle Drawstring 7/8 Athletic Track Yoga Dress Pants,Clothing|Clothing,Clothing|Activewear,2.46350736618042
Women's Spring Long Sleeeve Tiered Denim Dress Summer Flowy A-Line Maxi Long Tunic Dress,Clothing|Clothing,Clothing|Clothing,2.4584125518798827
Women's Short Flutter Sleeve Faux Wrap Midi Dress,Clothing|Clothing,Clothing|Clothing,2.4584125518798827
womens Emelienne Dress in True Black Dress,Clothing|Clothing,Clothing|Clothing,2.4584125518798827
Women Knitted Sweater Knee Length Dress With Button Detail,Clothing|Clothing,Clothing|Clothing,2.4584125518798827
Women’s Wireless Racerback Sports Bra,Clothing|Clothing,Clothing|Activewear,2.4584125518798827
womens Solana Off Shoulder Midi Dress Special Occasion Dress (pack of 1),Clothing|Clothing,Clothing|Clothing,2.469114637374878
"Lady Women Lace Sleeveless Midi Dress Ladies Evening Party Dress Satin Dress Short (Pink,XX-Large)",Clothing|Clothing,Clothing|Clothing,2.469114637374878
Women's High Waisted Leggings 7/8 Length Yoga Pants,Clothing|Clothing,Clothing|Activewear,2.469114637374878
"Women's Casual Dress for Women, Chiffon Beach Dresses, V-Neck Flower Print Short Sleeves",Clothing|Clothing,Clothing|Clothing,2.469114637374878
Women's Summer Tops 3/4 Sleeve Round Neck Tshirts Cute Tunic Loose Fit Pullover Blouses & Basic Tees,Clothing|Clothing,Clothing|Tops,2.469114637374878
Womens Long Sleeve T Shirts Basic V Neck Tops Casual Tees Spring Blouses Loose Fit Pullover,Clothing|Clothing,Clothing|Clothing,2.4824362277984617
Women's Gingham Checks Ruffled Peter Pan Collar 1960s Mini Dress,Clothing|Clothing,Clothing|Clothing,2.4824362277984617
Thanksgiving Shirt for Women V Neck Thankful Graphic Long Sleeve Shirt Fall Casual Loose Blouse Tee Top,Clothing|Clothing,Clothing|Clothing,2.4824362277984617
Womens Fleece Graphic Baggy Jogger,Clothing|Clothing,Clothing|Activewear,2.4824362277984617
Women's Bee Kind T-Shirt Casual Round Neck Short Sleeve Tunic Tops Bee Graphic Pullover Tees Blouse for Outdoor Summer,Clothing|Clothing,Clothing|Clothing,2.4824362277984617
Splash Intimates Floral Print Nightdress,Clothing|Sleepwear,Clothing|Sleepwear,2.458709144592285
Ginger Graphic Nightwear T-Shirt And Pyjama Set,Clothing|Sleepwear,Clothing|Sleepwear,2.458709144592285
Deiji Studios Squared Dress in Organic-cotton,Clothing|Sleepwear,Clothing|Clothing,2.458709144592285
Styli Lace Trim Robe,Clothing|Sleepwear,Clothing|Sleepwear,2.458709144592285
Deiji Studios Tie-split Shirt & Pants Set in Organic-cotton,Clothing|Sleepwear,Clothing|Clothing,2.458709144592285
DUNISO 2-Piece Women's Soft Pajamas Set,Clothing|Sleepwear,Clothing|Sleepwear,2.4575814723968508
PANGAIA 365 Pyjama Top & Shorts Set in Organic Cotton,Clothing|Sleepwear,Clothing|Sleepwear,2.4575814723968508
Deiji Studios Pocket Shirt & Pants Set in Organic Cotton,Clothing|Sleepwear,Clothing|Clothing,2.4575814723968508
Deiji Studios Stripe Pocket Shirt in Wool,Clothing|Sleepwear,Clothing|Clothing,2.4575814723968508
Deiji Studios 03 Shirt & Pants Set in Organic-cotton,Clothing|Sleepwear,Clothing|Clothing,2.4575814723968508
Deiji Studios Babylock Top & Shorts Set in Linen,Clothing|Sleepwear,Clothing|Clothing,2.461055326461792
mens Jersey Knit Sleep Pant Pajama Bottom (pack of 1),Clothing|Sleepwear,Clothing|Sleepwear,2.461055326461792
Deiji Studios Fold Pants in Linen,Clothing|Sleepwear,Clothing|Clothing,2.461055326461792
Versace Baroque Bathrobe in Cotton,Clothing|Sleepwear,Clothing|Sleepwear,2.461055326461792
Pajamas Sets for Women Soft Long Sleeve Pjs Top and Pants with Pocket 2 Piece Ladies Loungewear,Clothing|Sleepwear,Clothing|Sleepwear,2.461055326461792
Navy Blue Coffee Club Short Sleeve Flannel 100% Cotton Pyjamas,Clothing|Sleepwear,Clothing|Sleepwear,2.456899881362915
Deiji Studios Stripe Longline Shorts in Wool,Clothing|Sleepwear,Clothing|Clothing,2.456899881362915
Eberjey Gisele Printed Short Pyjama Set in TENCEL™ Modal,Clothing|Sleepwear,Clothing|Sleepwear,2.456899881362915
Trendyol Satin Pyjama Set,Clothing|Sleepwear,Clothing|Sleepwear,2.456899881362915
Deiji Studios Ease Stripe Pants in Organic Cotton-poplin,Clothing|Sleepwear,Clothing|Clothing,2.456899881362915
Women Jumpsuit,Clothing|Swimwear,Clothing|Clothing,2.463706350326538
"Qiufuyouny Bikini Summer Style Ruffled Bikini Two Piece Women's Swimwear Sexy Open Back Strap Beachwear (Color : Blue, Size : L)",Clothing|Swimwear,Clothing|Swimwear,2.463706350326538
Swimsuits for Women Two Piece Bathing Suits Floral Print Swimwear with Shorts Tummy Control Swimming Suits,Clothing|Swimwear,Clothing|Swimwear,2.463706350326538
Jeans Men Regular Fit Solid Chino Pant,Clothing|Swimwear,Clothing|Clothing,2.463706350326538
"Rash Guard Swimsuit Short Sleeve Surfing Suit Modest Swimwear for Women Burkini Beachwear Modesty Swimming Costume (Color : J4, Size : XX-Large)",Clothing|Swimwear,Clothing|Swimwear,2.463706350326538
Women's High Waisted Swim Shorts Tummy Control Board Shorts for women,Clothing|Swimwear,Clothing|Swimwear,2.4655823707580566
"Bikini Set Pool Party Swimsuit Double Up Tankinis Swimwear for Women (Color : Dark Blue, Size : Medium)",Clothing|Swimwear,Clothing|Swimwear,2.4655823707580566
Women Bikini Sets Two Piece Bathing Suit,Clothing|Swimwear,Clothing|Swimwear,2.4655823707580566
Women Langärmliger Colourblock Badeanzug mit Reißverschluss Einteiler Fitnessschwimmen One Piece Swimsuit,Clothing|Swimwear,Clothing|Swimwear,2.4655823707580566
"Bikini Set Beachwear Swimsuit Double Up Tankinis Swimwear for Women (Color : Dark Blue, Size : Medium)",Clothing|Swimwear,Clothing|Swimwear,2.4655823707580566
"Bikini Set Beachwear Swimsuit Double Up Tankinis Swimwear for Women (Color : Pink, Size : Medium)",Clothing|Swimwear,Clothing|Swimwear,2.4625564098358153
Modest Swimwear for Women Muslim Swimsuits Full Body Islamic Burkini Sport Long Sleeves Swimsuit,Clothing|Swimwear,Clothing|Swimwear,2.4625564098358153
Beach Swimsuit Swimwear for Women Summer Soft Swimsuit Bikini Tankini,Clothing|Swimwear,Clothing|Swimwear,2.4625564098358153
"Lady Swimwear Fish Scale Triangle Sling Shine One Piece Suits Costume (Color : Light Green, Size : XXX-Large)",Clothing|Swimwear,Clothing|Swimwear,2.4625564098358153
Modest Muslim Swimwear for Women Full Cover Swimming Burkini,Clothing|Swimwear,Clothing|Swimwear,2.4625564098358153
Boyshorts Set Bikini Printed Top Flounce Swimwear Women Swimwears Tankinis Set Swimwear Top,Clothing|Swimwear,Clothing|Swimwear,2.464315986633301
"SUINING Women's Swimsuit Womens Swimwear Full Body Rash Guard Long Sleeve Long Leg Swimwear with SwimSkirt Set (Color : S2, Size : 5XL)",Clothing|Swimwear,Clothing|Swimwear,2.464315986633301
"PddXc Swimwear Ladies One Piece Swimwear Ladies Floral Print Short Sleeve Ladies Swimwear Summer Swimwear (Color : A, Size : Lcode)",Clothing|Swimwear,Clothing|Swimwear,2.464315986633301
Summer Floral Loose Caftan Boho Beach Bikini Cover Up Dress Plus Size Robe for Women,Clothing|Swimwear,Clothing|Swimwear,2.464315986633301
Womens Swimsuit Coverup Crochet Bathing Suit Cover Up,Clothing|Swimwear,Clothing|Swimwear,2.464315986633301
Ariston 9 kg Front Load Washing Machine with Quick Wash Cycle | Model No NLM11946WCA60HZ with 2 Years Warranty,Home Appliances|Major Domestic Appliances,Home Appliances|Major Domestic Appliances,2.4643484115600587
FouncY Household small double-layer baking multi-function fully automatic small oven mini electric oven pizza oven,Home Appliances|Major Domestic Appliances,Home Appliances|Small Domestic Appliances,2.4643484115600587
O2 12 kg Automatic Top Loading Washing Machine with High Efficiency| Model No OTL120 with 2 Years Warranty,Home Appliances|Major Domestic Appliances,Home Appliances|Major Domestic Appliances,2.4643484115600587
Nikai 199 Liter 7 Cubic Feet Chest Freezer with Adjustable Thermostat| Model No NCF275N23W with 2 Years Warranty,Home Appliances|Major Domestic Appliances,Home Appliances|Major Domestic Appliances,2.4643484115600587
"Front Load Washer Door Prop, Magnetic Suction Cup Washing Machine Door Holder, Flexible Dryer Door Stand, Keep Washer Dryer Door Open to Keep Dry and Prevent Odors,Washing Machine Buddy Avoiding Damp",Home Appliances|Major Domestic Appliances,Home Appliances|Small Domestic Appliances,2.4643484115600587
Admiral 7 kg Top Load Washing Machine with Fuzzy Logic| Model No ADTW8XUSCQ with 2 Years Warranty,Home Appliances|Major Domestic Appliances,Home Appliances|Major Domestic Appliances,2.4693369388580324
Hitachi 13 kg Washing Machine with Twin Tub | Model No PS-1305FJ 2206A WH with 2 Years Warranty,Home Appliances|Major Domestic Appliances,Home Appliances|Major Domestic Appliances,2.4693369388580324
HAAM Microwave With Grill - 30 Liters - 900 Watts - Black - HM30BGMW20,Home Appliances|Major Domestic Appliances,Home Appliances|Small Domestic Appliances,2.4693369388580324
"Countertop Microwave Oven with Compact Size, Position-Memory Turntable, Sound on/Off Button, Custom Cooking Mode, 20L,700W, White",Home Appliances|Major Domestic Appliances,Home Appliances|Small Domestic Appliances,2.4693369388580324
"Lg Neochef Microwave 25L, Black, Mh6595Dis, min 2 yrs warranty",Home Appliances|Major Domestic Appliances,Home Appliances|Small Domestic Appliances,2.4693369388580324
"Sorandy 7L Automatic Washing Machine with Drying, Portable Washing Machine, Mini Washing Machine for Underwear Socks Baby Clothes Towels, Small Washing Machine for RV (#1)",Home Appliances|Major Domestic Appliances,Home Appliances|Small Domestic Appliances,2.460222911834717
"Nikai 120 Liter Display Refrigerator, Fast Cooling, Easy Removable Shelves, With Lock & Key, 120 L, NSF160K",Home Appliances|Major Domestic Appliances,Home Appliances|Major Domestic Appliances,2.460222911834717
"8L Portable Washing Machine | Foldable Mini Washing Machine | Mini Washing Machine Half Automatic Small Washer | with 3 Modes Deep Cleaning for Underwear | Baby Clothes, or Small Items",Home Appliances|Major Domestic Appliances,Home Appliances|Small Domestic Appliances,2.460222911834717
Ysislybin 2-N-1 Ozone Generator And Ionic Air Purifier,Home Appliances|Major Domestic Appliances,Home Appliances|Small Domestic Appliances,2.460222911834717
"CARE + PROTECT Standard Stacking Kit for Washing Machines and Dryers, Suitable for Washing Machines with Depths of 47-60 cm, ONLY Compatible with Candy, Hoover, Baumatic Dryers with Depth 58cm",Home Appliances|Major Domestic Appliances,Home Appliances|Major Domestic Appliances,2.460222911834717
"Air Purifier Eliminate Cooking, Tobacco Smells And Unpleasant Odors",Home Appliances|Major Domestic Appliances,Home Appliances|Small Domestic Appliances,2.470437479019165
"FouncY Brushed Stainless Steel, Desktop Electric Oven, Large Oven, Silver, Stainless Steel",Home Appliances|Major Domestic Appliances,Home Appliances|Small Domestic Appliances,2.470437479019165
Spider Thermo Electric Cooler & Warmer 16 L Car Refrigerator 16L - BS-1016 - ترمس ثلاجه,Home Appliances|Major Domestic Appliances,Home Appliances|Small Domestic Appliances,2.470437479019165
"DMG Portable Washing Machine, Mini Foldable Washing Machine, 10L Large Capacity Mini Washer and Dryer, Blue Light Disinfection, Suitable for Travel, Apartment, Baby Clothes, Socks, Underwear (Green)",Home Appliances|Major Domestic Appliances,Home Appliances|Small Domestic Appliances,2.470437479019165
Arrow 10 kg Front Loading Washing Machine Washing with 6 kg Drying | Model No RO-10FWMS with 2 Years Warranty,Home Appliances|Major Domestic Appliances,Home Appliances|Major Domestic Appliances,2.470437479019165
Jafända Air Purifier for Home Bedroom,Home Appliances|Small Domestic Appliances,Home Appliances|Small Domestic Appliances,2.4624608039855955
"Swan ST14062N 2 Slice Toaster, Polished Stainless Steel, 925W",Home Appliances|Small Domestic Appliances,Home Appliances|Small Domestic Appliances,2.4624608039855955
RAZOJESS Digital BPA Free 2L Automatic Program Professional Commercial Blender Mixer Juicer Food Processor Ice Smoothies,Home Appliances|Small Domestic Appliances,Home Appliances|Small Domestic Appliances,2.4624608039855955
"OMMO Blender 1800W, Professional High Speed Countertop Blender",Home Appliances|Small Domestic Appliances,Home Appliances|Small Domestic Appliances,2.4624608039855955
MOOKA Air Purifiers for Home Large Room,Home Appliances|Small Domestic Appliances,Home Appliances|Small Domestic Appliances,2.4624608039855955
Black+Decker 19 Liter Multifunction Toaster Oven,Home Appliances|Small Domestic Appliances,Home Appliances|Small Domestic Appliances,2.4817058086395263
"COMFEE' Rice Cooker, Slow Cooker, Steamer, Stewpot, Sauté All in One",Home Appliances|Small Domestic Appliances,Home Appliances|Small Domestic Appliances,2.4817058086395263
Feller Germany 1000W 6L Electric Pressure Cooker,Home Appliances|Small Domestic Appliances,Home Appliances|Small Domestic Appliances,2.4817058086395263
Hamilton Beach Portable 7 Quart Programmable Slow Cooker,Home Appliances|Small Domestic Appliances,Home Appliances|Small Domestic Appliances,2.4817058086395263
Quest 4 Slice Toaster Black - Extra Wide Long Slots for Crumpets and Bagels - 6 Settings - Reheat and Defrost,Home Appliances|Small Domestic Appliances,Home Appliances|Small Domestic Appliances,2.4817058086395263
"Laughhe 4 Slice Folding Toaster for Camping, Portable Stainless Steel Toaster with Folding Stand, Porous Bread Toast Tray, Outdoor Gas Stove",Home Appliances|Small Domestic Appliances,Home Appliances|Small Domestic Appliances,2.4628835678100587
Honeywell Premium Air Purifier - True HEPA,Home Appliances|Small Domestic Appliances,Home Appliances|Small Domestic Appliances,2.4628835678100587
Russell Hobbs MaxiCook Searing Slowcooker 6 L,Home Appliances|Small Domestic Appliances,Home Appliances|Small Domestic Appliances,2.4628835678100587
AKT Xiaomi Mi Air Purifier,Home Appliances|Small Domestic Appliances,Home Appliances|Small Domestic Appliances,2.4628835678100587
"Proctor Silex Simplicity 4-in-1 Electric Pressure Cooker, 3 Quart",Home Appliances|Small Domestic Appliances,Home Appliances|Small Domestic Appliances,2.4628835678100587
VCFDZCFD Portable Mini Blender Mini Household Fruit Juicer Easy To Clean,Home Appliances|Small Domestic Appliances,Home Appliances|Small Domestic Appliances,2.461687755584717
"Excefore Desktop Fan, 6-Inch Quiet Portable Table Fan with 3 Speeds, Strong Airflow, Desk and Wall Mount Fan, 360° Rotate Personal Cooling Fan for Bedroom, Home, Office, Travel, White",Home Appliances|Small Domestic Appliances,Home Appliances|Small Domestic Appliances,2.461687755584717
RAZOJESS 0.8L Automatic Soy Milk Machine Electric Fruit Maker Juicer,Home Appliances|Small Domestic Appliances,Home Appliances|Small Domestic Appliances,2.461687755584717
Uncanny Brands Star Wars Darth Vader Halo Toaster - Lights-Up and Makes Lightsaber Sounds,Home Appliances|Small Domestic Appliances,Home Appliances|Small Domestic Appliances,2.461687755584717
STARGOLD 600W 4-in-1 Juicer Blender with Grinder Mill,Home Appliances|Small Domestic Appliances,Home Appliances|Small Domestic Appliances,2.461687755584717
LATT-LIV Juicers - New MD-100 Original Juice Machine Slowly Spee'd Fruit Soymilk Tofu Multifunction Juice Maker Mini Fully Automatic Juicer (Re'd US),Home Appliances|Small Domestic Appliances,Home Appliances|Small Domestic Appliances,2.469312381744385
"RSPPPJQ Commercial Juice,Extractor Heavy Duty Juicer, Juicing both Fruit and Vegetable, for juice shops, restaurants, hotels",Home Appliances|Small Domestic Appliances,Food/Beverage|Beverages,2.469312381744385
"NB Juice Extractor Machines, Wide Feed Chute for Whole Fruit Vegetable,2 Speed Juicer Machines Fast Extract, Anti-Drip Function, Easy To Clean, Non-Slip Feet, Red Laydies",Home Appliances|Small Domestic Appliances,Home Appliances|Small Domestic Appliances,2.469312381744385
"NB Slow Juicer, Slow Masticating Juicer Machine with Big Wide 80mm Chute, Cold Press Juicer for Nutrient Fruits and Vegetables, Juicer Machine BPA-Free, Easy to Clean Laydies",Home Appliances|Small Domestic Appliances,Home Appliances|Small Domestic Appliances,2.469312381744385
NB Juicer Machines Slow Masticating Juicers for Higher Juice Yield Reverse Function Easy to Clean BPA Free Black Laydies,Home Appliances|Small Domestic Appliances,Home Appliances|Small Domestic Appliances,2.469312381744385
"TYLC Juicer Machine, Stainless Steel Compact Extractor Wide Mouth Centrifugal Juicer, Easy to Clean, for Fruit and Vegetable, for Home Shop User, 450W",Home Appliances|Small Domestic Appliances,Home Appliances|Small Domestic Appliances,2.478510856628418
"MZFCM Fruit Press Crusher, Manual Hydraulic Press, Press Juicer, 12 L/3.17 Gallon, 22 L/5.8 Gallon, 36 L/9.5 Gallon, For Juice Making,22L",Home Appliances|Small Domestic Appliances,Home Appliances|Small Domestic Appliances,2.478510856628418
NB Juicer Machine Wide Mouth Juice Extractor Juicers for Whole Fruit and Vegetable Easy to Clean Quieter Motor Higher Juice and Nutrition Yield Food-Grade Material Laydies,Home Appliances|Small Domestic Appliances,Home Appliances|Small Domestic Appliances,2.478510856628418
"NB Juicer Machines, Slow Masticating Juicer Extractor 95% Juice Yield & Pure Juice,Easy to Clean, Quiet Motor, Cold Press Juicer, Slow Juicer Machines for Vegetable and Fruit Laydies",Home Appliances|Small Domestic Appliances,Home Appliances|Small Domestic Appliances,2.478510856628418
Mastrad A33309 Citrus Juicer,Home Appliances|Small Domestic Appliances,Home Appliances|Small Domestic Appliances,2.478510856628418
"YiLn 300W 220V Electric Juicer, Stainless Steel Juicers Whole Fruit Vegetable Food-Blender Mixer Extractor Machine 2 Speed Adjustment",Home Appliances|Small Domestic Appliances,Home Appliances|Small Domestic Appliances,2.471788454055786
"Juicer, Multifunction Mini Cold-Pressed Slow-Speed Chewing Juice Machine, Automatic Separation of Slag Juice, 98% High Juice Yield, Reverse Function, BPA-Free, for Fruits & Veg (Color : Red) Laydies",Home Appliances|Small Domestic Appliances,Home Appliances|Small Domestic Appliances,2.471788454055786
"Electric Centrifugal Juicers, Household Fully Automatic Fruit And Vegetable Juice Machine, Stainless Steel Citrus Extractor, High Juice Yield Compact Juicer Extractor, Easy Clean, for Orange Lemon",Home Appliances|Small Domestic Appliances,Home Appliances|Small Domestic Appliances,2.471788454055786
TAYOTTE 4 rollers stainless steel Electric sugarcane juicer Machine sugar cane juicer or,Home Appliances|Small Domestic Appliances,Home Appliances|Small Domestic Appliances,2.471788454055786
300ML Mini Household Electric Juicer Automatic Soybeans Milk Maker Machine with Heating Function Dry Grinder (B),Home Appliances|Small Domestic Appliances,Home Appliances|Small Domestic Appliances,2.471788454055786
"WUSFAR 200W 40RPM Stainless Steel Masticating Slow Auger Juicer, 220V Fruit and Vegetable Juice Extractor Compact Cold Press Juicer Machine",Home Appliances|Small Domestic Appliances,Home Appliances|Small Domestic Appliances,2.466040754318237
"NB Juicer,Multifunction Stainless Steel Electric Juice Machine,1000W 12000 Rpm/Min,Automatic Separation of Slag Juice,5 Levels Adjustable,Easy To Clean,for Fruit And Vegetable (Color : Silver) Laydies",Home Appliances|Small Domestic Appliances,Home Appliances|Small Domestic Appliances,2.466040754318237
NB Juicer Machine Juicers for Whole Fruit and Vegetable Slow Masticating Juicer High Yield Juice Extractor Easy to Clean BPA-Free Quiet Motor Reverse Function Anti-Clogging (Color : Red) Laydies,Home Appliances|Small Domestic Appliances,Home Appliances|Small Domestic Appliances,2.466040754318237
"QULONG Multifunctional Juicer, 4-Fold Noise Reduction Design, Eight-Leaf Cutter Head, 360° Tumbling Heating, Three-Purpose Cold And Hot Grinding, Automatic Cleaning",Home Appliances|Small Domestic Appliances,Home Appliances|Small Domestic Appliances,2.466040754318237
"Generic 300W 220V Electric Juicer, Stainless Steel Juicers Whole Fruit Vegetable Food-Blender Mixer Extractor Machine 2 Speed Adjustment",Home Appliances|Small Domestic Appliances,Home Appliances|Small Domestic Appliances,2.466040754318237
GoveeLife Small Air Purifier for Bedroom,Home Appliances|Small Domestic Appliances,Home Appliances|Small Domestic Appliances,2.468635845184326
Wotteickl Portable Air Purifier,Home Appliances|Small Domestic Appliances,Home Appliances|Small Domestic Appliances,2.468635845184326
Afloia Air Purifier And Humidifier Combo For Home,Home Appliances|Small Domestic Appliances,Home Appliances|Small Domestic Appliances,2.468635845184326
Xiaomi Smart Air Purifier 4 Lite,Home Appliances|Small Domestic Appliances,Home Appliances|Small Domestic Appliances,2.468635845184326
Panasonic Air Purifier,Home Appliances|Small Domestic Appliances,Home Appliances|Small Domestic Appliances,2.468635845184326
Dyson Purifier Hot+Cool Formaldehyde purifying fan heater HP09,Home Appliances|Small Domestic Appliances,Home Appliances|Small Domestic Appliances,2.4905854225158692
Philips Smart Air Purifier PureProtect 4200 Series,Home Appliances|Small Domestic Appliances,Home Appliances|Small Domestic Appliances,2.4905854225158692
Leaf Shaped Electrical Water Air Refresher Air Revitalizer,Home Appliances|Small Domestic Appliances,Home Appliances|Small Domestic Appliances,2.4905854225158692
Air Purifier (Green),Home Appliances|Small Domestic Appliances,Home Appliances|Small Domestic Appliances,2.4905854225158692
Winix 5500-2 Air Purifier,Home Appliances|Small Domestic Appliances,Home Appliances|Small Domestic Appliances,2.4905854225158692
Winix Air Purifier Zero-S,Home Appliances|Small Domestic Appliances,Home Appliances|Small Domestic Appliances,2.466704082489014
Air Purifier HEPA Air Purifier Portable Purifier,Home Appliances|Small Domestic Appliances,Home Appliances|Small Domestic Appliances,2.466704082489014
Black & Decker + Tabletop Air Purifier,Home Appliances|Small Domestic Appliances,Home Appliances|Small Domestic Appliances,2.466704082489014
MOTIM Air Purifier for Home Bedroom ,Home Appliances|Small Domestic Appliances,Home Appliances|Small Domestic Appliances,2.466704082489014
Azonee Mini Air Purifier for Desk,Home Appliances|Small Domestic Appliances,Home Appliances|Small Domestic Appliances,2.466704082489014
MOTIM Air Filter Cleaner,Home Appliances|Small Domestic Appliances,Home Appliances|Small Domestic Appliances,2.482019329071045
Air Purifier Water Based,Home Appliances|Small Domestic Appliances,Home Appliances|Small Domestic Appliances,2.482019329071045
Philips New Urban Living Air Purifier,Home Appliances|Small Domestic Appliances,Home Appliances|Small Domestic Appliances,2.482019329071045
Philips Genuine 3-in-1 filter,Home Appliances|Small Domestic Appliances,Home Appliances|Small Domestic Appliances,2.482019329071045
"Air Purifier, H13 HEPA Air Purifier",Home Appliances|Small Domestic Appliances,Home Appliances|Small Domestic Appliances,2.482019329071045
Enerpower 1A Charger 5S 21V Mains Charger for Li-Ion Batteries 18V - 18.5V 22.5W (GS) DC 5.5 x 2.1 mm,Electrical Supplies|Electrical Connection/Distribution,Electrical Supplies|General Electrical Hardware,2.4798418998718263
"Energizer Rechargeable AA and AAA Battery Charger (Recharge Pro) with 4 AA NiMH Rechargeable Batteries, Auto-Safety Feature, Over-Charge Protection",Electrical Supplies|Electrical Connection/Distribution,Electrical Supplies|General Electrical Hardware,2.4798418998718263
"Eneloop Panasonic pro smart quick charger for 1–4 AA/AAA Ni-MH batteries, with LED display and single-slot monitoring, including 4 pro AA/Mignon batteries, min. 2500 mAh, 500-charge cycle life",Electrical Supplies|Electrical Connection/Distribution,Electrical Supplies|General Electrical Hardware,2.4798418998718263
Duracell - Ion Speed 1000 Battery Charger with 6AA + 2 AAA Batteries - Charger for AA + AAA Batteries,Electrical Supplies|Electrical Connection/Distribution,Electrical Supplies|General Electrical Hardware,2.4798418998718263
"CT-ENERGY 8 Bay Coin Battery Charger for Lir2450 2440 2430 2032h 2032 2025 2016 1632 Rechargeable Button Cell Batteries Charger,Fast Independent Charger",Electrical Supplies|Electrical Connection/Distribution,Electrical Supplies|General Electrical Hardware,2.4798418998718263
DIANN 10pcs 5V 1A Boost Step-Up Power Supply Module Lithium Battery Charge Protection Board 134N3P DIY Charger LED Display USB and Micro Port,Electrical Supplies|Electrical Connection/Distribution,Electrical Supplies|General Electrical Hardware,2.468921422958374
"DMG TECH Rechargeable Battery Pack for Xbox Battery Pack One/X/S/Xbox One Elite/Xbox Series X/Xbox Series S with USB Rechargeable Xbox One Battery Charger with Fast Charge Station, LED Indicators",Electrical Supplies|Electrical Connection/Distribution,Electrical Supplies|General Electrical Hardware,2.468921422958374
DXKK 4x2600mAh Xbox Rechargeable Battery Compatible for Xbox One/Xbox Series X/S Controller Battery Packs for Xbox One S/X/One Elite Fast Charger Batteries,Electrical Supplies|Electrical Connection/Distribution,Electrical Supplies|General Electrical Hardware,2.468921422958374
"Eneloop Panasonic Pro Charger with USB Output for 1-4 AA/AAA NI-MH Batteries with USB Port, LCD Display, Refreshing Function and 10 Security Functions, Black",Electrical Supplies|Electrical Connection/Distribution,Electrical Supplies|General Electrical Hardware,2.468921422958374
"BERLS for Nintendo Switch Charger Cable Ac Adapter UK for Switch lite, Dock, Pro Controller Power Supply Plug 15V 2.6A Fast Charging Support TV Mode",Electrical Supplies|Electrical Connection/Distribution,Electrical Supplies|Electrical Cabling/Wiring,2.468921422958374
"BROLEO Power Adapter For Li Battery, Anti-interference Power Supply AC100-240V ABS Safe DC 16.8V Charger, For Head Lamp Balance Car (UK Plug)",Electrical Supplies|Electrical Connection/Distribution,Electrical Supplies|General Electrical Hardware,2.4648437023162844
Eacam lii-S8 Battery Charger Li-ion 3.7V NiMH 1.2V Li-FePO4 3.2V IMR 3.8V charger for 18650 26650 21700 26700 AA AAA,Electrical Supplies|Electrical Connection/Distribution,Electrical Supplies|General Electrical Hardware,2.4648437023162844
CHEFFS Controller Charging Dock for Nintendo Switch Joycon,Electrical Supplies|Electrical Connection/Distribution,Home Appliances|Small Domestic Appliances,2.4648437023162844
"ELECDON K1 Butt Splice Connectors, Pack of 300 Terminal Connectors Gel Connectors Wire Connectors Button Cable Data Phone Wire Joints",Electrical Supplies|Electrical Connection/Distribution,Electrical Supplies|Electrical Connection/Distribution,2.4648437023162844
Azuocn 10pcs 5V 1.2A Charging Discharge Module USB Type-C 18650 Lithium Battery Discharge Charger Board with Protection,Electrical Supplies|Electrical Connection/Distribution,Electrical Supplies|General Electrical Hardware,2.4648437023162844
"LinJie 8 Slots Battery Charger, Smart Battery Charger, 1.5V Fast Charging Function, Micro USB Input, Intelligent Battery Detection Technology, Rechargeable AA AAA Battery Charger",Electrical Supplies|Electrical Connection/Distribution,Electrical Supplies|General Electrical Hardware,2.4664276123046873
"Bosch Professional 18V System battery fast charger GAL 18V-40 (without battery, in cardboard box)",Electrical Supplies|Electrical Connection/Distribution,Electrical Supplies|General Electrical Hardware,2.4664276123046873
DMK Power 4pcs AA Rechargeable 2800mAh 1.2V NiMH Low Self Discharge with 4 Independent Slot USB Charger for AA AAA NiMh Rechargeable Batteries,Electrical Supplies|Electrical Connection/Distribution,Electrical Supplies|General Electrical Hardware,2.4664276123046873
Universal Charger 18650 Battery Charger 4-Bay USB，Xkimos Li-Ion 3.7V Battery AA NIMH 1.2V Battery High Current 2A Charging Box，Red/Green Display (Non-Battery),Electrical Supplies|Electrical Connection/Distribution,Electrical Supplies|General Electrical Hardware,2.4664276123046873
"POWEROWL Rechargeable Battery AA with Charger, 8 Pcs AA Rechargeable Batteries 2800mAh Ni-MH Double A Batteries with Smart 4 Bay Battery Charger (USB Fast Charging, Independent Slot)",Electrical Supplies|Electrical Connection/Distribution,Electrical Supplies|General Electrical Hardware,2.4664276123046873
"100W Security Light, Portable Outdoor Camping Light",Electrical Supplies|Electrical Lighting,Electrical Supplies|Electrical Lighting,2.463978338241577
"Electric Lighting and Power Distribution: An Elementary Manual of Electrical Engineering, Volume 1",Electrical Supplies|Electrical Lighting,Electrical Supplies|Electrical Lighting,2.463978338241577
Stationary Steam Engines; Especially as Adapted to Electric Lighting Purposes,Electrical Supplies|Electrical Lighting,Electrical Supplies|Electrical Lighting,2.463978338241577
Electric Ship-Lighting: A Handbook On the Practical Fitting and Running of Ships' Electrical Plant,Electrical Supplies|Electrical Lighting,Electrical Supplies|Electrical Lighting,2.463978338241577
Electric Gas Lighting How to Install,Electrical Supplies|Electrical Lighting,Electrical Supplies|Electrical Lighting,2.463978338241577
LED Lighting Rope Cable Wire,Electrical Supplies|Electrical Lighting,Electrical Supplies|Electrical Lighting,2.4597498893737795
Manual Of Military Electric Lighting: War Office--1902,Electrical Supplies|Electrical Lighting,Electrical Supplies|Electrical Lighting,2.4597498893737795
"Portable LED Camping Light, Dimmable Outdoor String Lights with 5 Lighting Modes, Durable and Waterproof, USB-Powered Lights for Diwali, Ramadan, Camping, Yard, and Hiking Decoration (20 meters Cream)",Electrical Supplies|Electrical Lighting,Electrical Supplies|Electrical Lighting,2.4597498893737795
Outdoor Portable Mosquito Repellent,Electrical Supplies|Electrical Lighting,Healthcare|Health Treatments/Aids,2.4597498893737795
"The Glasgow Corporation Electric Lighting Order, 1890 And The General Electric Lighting Acts",Electrical Supplies|Electrical Lighting,Electrical Supplies|Electrical Lighting,2.4597498893737795
Storage Batteries; Incandescent Lighting; ARC Lighting; Interior Wiring; Modern Electric-Lighting Devices; Electric Signs; Electric Heating,Electrical Supplies|Electrical Lighting,Electrical Supplies|Electrical Lighting,2.462876033782959
"Computer Monitor Lamp,Monitor Lamp With Touch Sensor，With 3 Color Temperature Modes And 7 RGB Light Modes，USB LED Light for PC/Office/Gaming/Home",Electrical Supplies|Electrical Lighting,Home Appliances|Electrical Lighting,2.462876033782959
LED Roller Skate Shoes for Kids Boys Girls Light Up Fashion Sneakers Wheels Roller Shoes Wheeled USB Rechargealbe Hook&Loop,Electrical Supplies|Electrical Lighting,Clothing|Activewear,2.462876033782959
"12M Fairy Lights 2Pack, 120 LEDs Indoor Outdoor Copper Wire Battery Powered String, Decorative Fairy Lighting for Birthdays Parties Gardens Weddings, Warm White",Electrical Supplies|Electrical Lighting,Electrical Supplies|Electrical Lighting,2.462876033782959
Electric Lighting: Distributing System And Lamps,Electrical Supplies|Electrical Lighting,Electrical Supplies|Electrical Lighting,2.462876033782959
Traditional Decorative Picture Light - Antique Brass Finish,Electrical Supplies|Electrical Lighting,Electrical Supplies|Electrical Lighting,2.468091917037964
"Electric Wiring and Lighting ... Part I--Electric Wiring, Part II--Electric Lighting",Electrical Supplies|Electrical Lighting,Electrical Supplies|Electrical Cabling/Wiring,2.468091917037964
LE LED Camping Lamp,Electrical Supplies|Electrical Lighting,Electrical Supplies|Electrical Lighting,2.468091917037964
Benjamin Fluorescent Lighting Systems,Electrical Supplies|Electrical Lighting,Electrical Supplies|Electrical Lighting,2.468091917037964
"Electric Lighting, Tr. by R. Routledge",Electrical Supplies|Electrical Lighting,Electrical Supplies|Electrical Lighting,2.468091917037964
Azonee Cable Tidy Box Cable Management Box with Bamboo Lid Wall Mounted Cable Management Box Wire Management Hide And Conceal Extension Blocks And Electrical Cables for Home Office,Electrical Supplies|Electrical Cabling/Wiring,Electrical Supplies|Electrical Cabling/Wiring,2.467494821548462
"JZS Electrical Boxes,Junction Box Outdoor 3 Way Waterproof IP68 Electrical Cable Connector, M16 Wire Range(3.5-10mm),Suitable for Repair and Extend Power Cables,3 Way-5 Pin,Black",Electrical Supplies|Electrical Cabling/Wiring,Electrical Supplies|Electrical Cabling/Wiring,2.467494821548462
"Aukomer Compact Wire Conductor Compact Connectors 50 Pcs – Premium Quick Terminal Block, Lever-Nut Wire Connector & Terminal Conductor - Electric Cable Wire Quick Wiring Connector (2 in-2 out)",Electrical Supplies|Electrical Cabling/Wiring,Electrical Supplies|Electrical Cabling/Wiring,2.467494821548462
PEGANT 5 Way 5M Power Extension Cord 5 Universal Outlets Electrical Strip UK Plug 5 Meters Cable 250V 2500W Surge Protector (5 Way 5M),Electrical Supplies|Electrical Cabling/Wiring,Electrical Supplies|General Electrical Hardware,2.467494821548462
"Preciva Crimping Tool Kit with Insulated Electrical Connectors, 0.5-6mm² Ratchet Terminal Wire Crimper Plier, Cable Lug Plier with 700pcs 27 Types Butt Bullet Spade Fork Ring Connectors and Crimp Set",Electrical Supplies|Electrical Cabling/Wiring,Electrical Supplies|General Electrical Hardware,2.467494821548462
"AOTORUA 50FT 18/2 Gauge Red Black Cable Hookup Electrical Wire, 18AWG 2 Conductor 2 Color Flexible Parallel Zip Wire LED Strips Extension Cord 12V/24V DC Cable for LED Ribbon Lamp Tape Lighting",Electrical Supplies|Electrical Cabling/Wiring,Electrical Supplies|Electrical Cabling/Wiring,2.527258205413818
Reliable Electrical Single Core Round Earth Cable 2.5mm 1 Core Yellow Green Pvc Wire Copper Conductor Pvc Insulated Cable DIY Cable Customized Length Available (10Mtr),Electrical Supplies|Electrical Cabling/Wiring,Electrical Supplies|Electrical Cabling/Wiring,2.527258205413818
"Cableague 14AWG Speaker Wire,14 AWG Gauge Speaker Wire Cable 50Feet Great Use for Home Theater Speakers and Car Speakers",Electrical Supplies|Electrical Cabling/Wiring,Electrical Supplies|Electrical Cabling/Wiring,2.527258205413818
Crimping Tool Kit RJ11/RJ12/CAT5/CAT6/Cat5e Professional Computer Maintenance Lan Cable Tester Network Repair Tool Set Electrical Wire Crimper Stripper Cutter Screwdriver Crystal Connector Storage Bag,Electrical Supplies|Electrical Cabling/Wiring,Electrical Supplies|Electrical Cabling/Wiring,2.527258205413818
"TALITARE Zip Tie Adhesive Mounts Self Adhesive 3M Cable Tie Base Holders with Multi-Purpose Tie wire clips with screw hole,Anchor stick on wire holder with White and Black (600 Pack)",Electrical Supplies|Electrical Cabling/Wiring,Electrical Supplies|Electrical Cabling/Wiring,2.527258205413818
Tooweey 28AWG 8 Colors Silicone Electrical Wire Kit,Electrical Supplies|Electrical Cabling/Wiring,Electrical Supplies|Electrical Cabling/Wiring,2.464936542510986
Power Cable For Sony Playstation 4 (PRO),Electrical Supplies|Electrical Cabling/Wiring,Electrical Supplies|Electrical Cabling/Wiring,2.464936542510986
NOVOCE Winding Machine Photosynthetic Automatic for Nylon Cable Tie Electric Tie Coiler Bundle Wire Small Winding Machine LTZXJ5-30,Electrical Supplies|Electrical Cabling/Wiring,Electrical Supplies|Electrical Cabling/Wiring,2.464936542510986
uxwen 2 Prong Power Cable Cord,Electrical Supplies|Electrical Cabling/Wiring,Electrical Supplies|Electrical Cabling/Wiring,2.464936542510986
AMEERR Winding Machine Photosynthetic Automatic for Nylon Cable Tie Electric Tie Coiler Bundle Wire Small Winding Machine LTZXJ5-30,Electrical Supplies|Electrical Cabling/Wiring,Electrical Supplies|Electrical Cabling/Wiring,2.464936542510986
High-Tension Underground Electric Cables: A Practical Treatise for Engineers,Electrical Supplies|Electrical Cabling/Wiring,Electrical Supplies|Electrical Cabling/Wiring,2.4619486331939697
"WE EMPIRE Power Strip & Surge Protectors, Power Extension Lead Outlets, All in one Wall Plug Adapter with 4 (3.1A) USB Hub & 6 Gang Smart Electrical Sockets Power Extension (2 Meter)",Electrical Supplies|Electrical Cabling/Wiring,Home Appliances|General Electrical Hardware,2.4619486331939697
"Merriway BH01516 Single Core Round Earth Cable, 6491X 4.0mm Yellow & Green, 10 Metres (33 feet)",Electrical Supplies|Electrical Cabling/Wiring,Electrical Supplies|Electrical Cabling/Wiring,2.4619486331939697
"JHBHQKX Winding Machine Photosynthetic Automatic for Nylon Cable Tie Cable Tie Machine Electric Tie Coiler Cable Tie Machine Bundle Wire LTZXJ5-30 (Small type, [button], for diameter 5MM-30MM)",Electrical Supplies|Electrical Cabling/Wiring,Electrical Supplies|Electrical Cabling/Wiring,2.4619486331939697
Reliable Electrical Pvc Flexible Wire Power Cord,Electrical Supplies|Electrical Cabling/Wiring,Electrical Supplies|Electrical Cabling/Wiring,2.4619486331939697
